,AggravatedAssault,Burglary,County,LarcenyTheft,Murder-Man-slaughter,Population3,Population4,Rape,Robbery,TotalPropertyCrime,TotalViolentCrime,VehicleTheft,Year3,Year4
0,110.5,282.4,Accomack County,917.8,6.1,"32,577","32,577",15.3,43.0,"1,347.6",175.0,147.3,2005,2005
1,68.4,220.7,Accomack County,"1,063.3",3.1,"32,165","32,165",34.2,59.1,"1,405.3",164.8,121.2,2004,2004
2,71.4,276.4,Accomack County,875.8,3.1,"32,199","32,199",37.3,62.1,"1,292.0",173.9,139.8,2003,2003
3,137.2,405.3,Accomack County,788.7,0.0,"32,077","32,077",21.8,106.0,"1,318.7",265.0,124.7,2002,2002
4,88.6,572.6,Accomack County,974.4,6.3,"31,609","31,609",25.3,129.7,"1,698.9",249.9,151.9,2001,2001
5,128.5,510.8,Accomack County,"1,223.9",3.2,"31,130","31,130",25.7,99.6,"1,956.3",257.0,221.7,2000,2000
6,77.1,250.5,Accomack County,558.8,0.0,"25,947","25,947",3.9,80.9,901.8,161.9,92.5,1995,1995
7,137.9,425.4,Accomack County,819.3,11.8,"25,386","25,386",31.5,11.8,"1,323.6",193.0,78.8,1990,1990
8,52.2,574.3,Accomack County,473.6,7.5,"26,816","26,816",18.6,14.9,"1,059.1",93.2,11.2,1985,1985
9,37.2,683.7,Accomack County,578.8,6.8,"29,546","29,546",6.8,10.2,"1,286.1",60.9,23.7,1980,1980
10,100.0,291.1,Albemarle County,"1,835.4",1.1,"90,006","90,006",35.6,28.9,"2,252.1",165.5,125.5,2005,2005
11,84.7,239.4,Albemarle County,"1,660.2",1.1,"88,542","88,542",32.8,22.6,"1,988.9",141.2,89.2,2004,2004
12,88.0,299.0,Albemarle County,"1,753.3",6.0,"82,930","82,930",42.2,21.7,"2,158.4",158.0,106.1,2003,2003
13,128.6,333.2,Albemarle County,"1,735.6",2.4,"81,643","81,643",31.8,23.3,"2,172.9",186.2,104.1,2002,2002
14,130.5,420.1,Albemarle County,"1,915.3",2.5,"80,459","80,459",18.6,24.9,"2,431.1",176.5,95.7,2001,2001
15,102.2,455.6,Albemarle County,"1,994.0",2.5,"79,236","79,236",27.8,21.5,"2,556.9",154.0,107.3,2000,2000
16,95.1,457.5,Albemarle County,"1,982.8",9.6,"72,574","72,574",19.3,23.4,"2,568.4",147.4,128.1,1995,1995
17,97.0,449.7,Albemarle County,"1,756.3",0.0,"68,040","68,040",23.5,16.2,"2,329.5",136.7,123.5,1990,1990
18,140.8,360.5,Albemarle County,"1,856.1",8.4,"59,641","59,641",8.4,16.8,"2,357.4",174.4,140.8,1985,1985
19,0.0,0.0,Albemarle County,0.0,0.0,0,0,0.0,0.0,0.0,0.0,0.0,1980,1980
20,24.5,179.6,Alleghany County,375.4,0.0,"12,252","12,252",0.0,0.0,595.8,24.5,40.8,2005,2005
21,90.0,204.6,Alleghany County,581.0,0.0,"12,220","12,220",0.0,0.0,834.7,90.0,49.1,2004,2004
22,61.9,286.2,Alleghany County,618.9,0.0,"12,927","12,927",15.5,0.0,997.9,77.4,92.8,2003,2003
23,97.6,247.8,Alleghany County,705.8,7.5,"13,319","13,319",15.0,0.0,"1,066.1",120.1,112.6,2002,2002
24,114.3,243.8,Alleghany County,563.8,0.0,"13,125","13,125",7.6,7.6,845.7,129.5,38.1,2001,2001
25,410.0,270.8,Alleghany County,603.4,0.0,"12,926","12,926",7.7,15.5,920.6,433.2,46.4,2000,2000
26,31.7,332.9,Alleghany County,958.9,0.0,"12,618","12,618",0.0,23.8,"1,355.2",55.5,63.4,1995,1995
27,54.9,329.2,Alleghany County,932.7,15.7,"12,759","12,759",15.7,7.8,"1,379.4",94.1,117.6,1990,1990
28,22.6,233.1,Alleghany County,714.4,7.5,"13,297","13,297",15.0,22.6,"1,000.2",67.7,52.6,1985,1985
29,84.0,727.6,Alleghany County,"1,182.3",7.0,"14,294","14,294",14.0,0.0,"1,972.9",104.9,63.0,1980,1980
30,41.3,190.1,Amelia County,471.0,8.3,"12,101","12,101",33.1,0.0,"1,239.6",82.6,578.5,2005,2005
31,75.9,92.8,Amelia County,657.7,0.0,"11,859","11,859",8.4,8.4,868.5,92.8,118.1,2004,2004
32,16.9,278.2,Amelia County,708.1,8.4,"11,863","11,863",8.4,8.4,"1,053.7",42.1,67.4,2003,2003
33,59.6,289.5,Amelia County,715.1,8.5,"11,746","11,746",8.5,25.5,"1,081.2",102.2,76.6,2002,2002
34,51.8,276.4,Amelia County,604.7,0.0,"11,576","11,576",34.6,8.6,976.2,95.0,95.0,2001,2001
35,43.9,175.4,Amelia County,570.2,8.8,"11,400","11,400",0.0,8.8,789.5,61.4,43.9,2000,2000
36,72.6,300.9,Amelia County,643.4,0.0,"9,637","9,637",31.1,0.0,"1,027.3",103.8,83.0,1995,1995
37,45.5,341.4,Amelia County,864.9,22.8,"8,787","8,787",11.4,11.4,"1,331.5",91.0,125.2,1990,1990
38,226.1,428.4,Amelia County,440.3,11.9,"8,404","8,404",59.5,11.9,904.3,309.4,35.7,1985,1985
39,95.9,395.5,Amelia County,347.6,0.0,"8,344","8,344",0.0,0.0,803.0,95.9,59.9,1980,1980
40,79.5,175.6,Amherst County,937.4,3.3,"30,189","30,189",16.6,26.5,"1,189.2",125.9,76.2,2005,2005
41,50.1,156.8,Amherst County,871.0,3.3,"29,966","29,966",33.4,33.4,"1,131.3",120.1,103.5,2004,2004
42,29.9,179.3,Amherst County,846.5,3.3,"30,123","30,123",26.6,16.6,"1,125.4",76.4,99.6,2003,2003
43,49.1,167.0,Amherst County,834.9,6.5,"30,543","30,543",16.4,6.5,"1,067.3",78.6,65.5,2002,2002
44,86.4,202.7,Amherst County,930.2,0.0,"30,100","30,100",33.2,23.3,"1,245.8",142.9,113.0,2001,2001
45,60.7,151.8,Amherst County,711.8,13.5,"29,643","29,643",13.5,0.0,914.2,87.7,50.6,2000,2000
46,150.5,374.4,Amherst County,"1,053.2",10.5,"28,579","28,579",21.0,14.0,"1,483.6",195.9,56.0,1995,1995
47,247.1,305.3,Amherst County,"1,606.2",3.6,"27,518","27,518",3.6,36.3,"1,966.0",290.7,54.5,1990,1990
48,201.0,257.4,Amherst County,878.0,3.5,"28,361","28,361",17.6,0.0,"1,198.8",222.1,63.5,1985,1985
49,171.7,776.1,Amherst County,"1,455.5",3.6,"27,962","27,962",14.3,42.9,"2,317.4",232.5,85.8,1980,1980
50,28.3,191.3,Appomattox County,559.7,7.1,"14,114","14,114",7.1,14.2,857.3,56.7,106.3,2005,2005
51,79.4,158.9,Appomattox County,534.5,0.0,"13,846","13,846",14.4,28.9,707.8,122.8,14.4,2004,2004
52,14.4,223.5,Appomattox County,778.7,0.0,"13,870","13,870",36.0,14.4,"1,045.4",64.9,43.3,2003,2003
53,28.3,113.3,Appomattox County,545.3,0.0,"14,121","14,121",21.2,28.3,665.7,77.9,7.1,2002,2002
54,93.4,150.9,Appomattox County,618.0,0.0,"13,916","13,916",28.7,0.0,812.0,122.2,43.1,2001,2001
55,29.2,131.3,Appomattox County,693.2,7.3,"13,705","13,705",7.3,7.3,875.6,51.1,51.1,2000,2000
56,469.9,125.3,Appomattox County,540.3,15.7,"12,770","12,770",0.0,0.0,689.1,485.5,23.5,1995,1995
57,162.6,252.1,Appomattox County,609.9,0.0,"12,298","12,298",8.1,8.1,894.5,178.9,32.5,1990,1990
58,0.0,245.0,Appomattox County,535.4,0.0,"11,020","11,020",18.1,9.1,843.9,27.2,63.5,1985,1985
59,75.2,334.4,Appomattox County,752.4,8.4,"11,961","11,961",8.4,0.0,"1,111.9",92.0,25.1,1980,1980
60,107.5,184.3,Arlington County,"1,931.1",2.6,"188,802","188,802",18.5,85.8,"2,333.7",214.5,218.2,2005,2005
61,105.4,186.6,Arlington County,"2,008.5",1.1,"189,742","189,742",14.2,94.3,"2,451.2",215.0,256.1,2004,2004
62,105.0,187.7,Arlington County,"1,995.9",2.1,"192,343","192,343",15.1,107.1,"2,491.9",229.3,308.3,2003,2003
63,93.2,215.2,Arlington County,"2,381.0",3.1,"195,209","195,209",16.9,107.6,"2,933.3",220.8,337.1,2002,2002
64,84.2,254.7,Arlington County,"2,514.3",1.6,"192,376","192,376",13.0,102.9,"3,086.7",201.7,317.6,2001,2001
65,52.8,116.1,Arlington County,973.3,0.5,"189,453","189,453",9.0,38.0,"1,212.4",100.3,123.0,2000,2000
66,245.5,526.8,Arlington County,"4,447.1",6.2,"176,361","176,361",19.8,179.2,"5,747.3",450.8,773.4,1995,1995
67,196.0,868.2,Arlington County,"4,535.0",7.0,"170,936","170,936",26.9,234.0,"6,004.6",463.9,601.4,1990,1990
68,234.4,935.1,Arlington County,"3,147.8",4.5,"156,140","156,140",32.0,216.5,"4,496.0",487.4,413.1,1985,1985
69,185.7,"1,415.5",Arlington County,"3,977.4",5.9,"151,885","151,885",36.9,247.6,"5,818.2",476.0,425.3,1980,1980
70,81.7,193.5,Augusta County,729.6,8.6,"69,762","69,762",8.6,12.9,980.5,111.8,57.3,2005,2005
71,95.5,254.1,Augusta County,889.9,5.9,"68,094","68,094",10.3,14.7,"1,240.9",126.3,96.9,2004,2004
72,53.0,243.0,Augusta County,998.6,4.4,"67,895","67,895",23.6,5.9,"1,318.2",86.9,76.6,2003,2003
73,74.0,187.9,Augusta County,752.9,5.9,"67,604","67,604",19.2,8.9,"1,011.8",108.0,71.0,2002,2002
74,90.1,190.6,Augusta County,921.6,3.0,"66,623","66,623",13.5,10.5,"1,161.8",117.1,49.5,2001,2001
75,86.9,277.4,Augusta County,813.9,3.0,"65,611","65,611",12.2,7.6,"1,127.9",109.7,36.6,2000,2000
76,49.6,364.3,Augusta County,"1,099.7",3.4,"58,473","58,473",6.8,6.8,"1,530.6",66.7,66.7,1995,1995
77,124.4,287.1,Augusta County,"1,271.1",9.1,"54,677","54,677",16.5,0.0,"1,646.0",150.0,87.8,1990,1990
78,39.7,395.4,Augusta County,973.1,1.8,"55,388","55,388",10.8,10.8,"1,437.1",63.2,68.6,1985,1985
79,28.0,348.7,Augusta County,"1,210.1",11.2,"53,631","53,631",0.0,16.8,"1,611.0",55.9,52.2,1980,1980
80,0.0,0.0,Bath County,0.0,0.0,"5,056","5,056",0.0,0.0,0.0,0.0,0.0,2005,2005
81,0.0,19.8,Bath County,39.5,0.0,"5,063","5,063",0.0,0.0,59.3,0.0,0.0,2004,2004
82,0.0,0.0,Bath County,0.0,0.0,"5,127","5,127",0.0,0.0,0.0,0.0,0.0,2003,2003
83,0.0,19.2,Bath County,57.7,0.0,"5,201","5,201",0.0,0.0,76.9,0.0,0.0,2002,2002
84,0.0,156.1,Bath County,429.2,0.0,"5,126","5,126",0.0,0.0,604.8,0.0,19.5,2001,2001
85,19.8,158.5,Bath County,336.8,0.0,"5,048","5,048",0.0,0.0,495.2,19.8,0.0,2000,2000
86,0.0,530.4,Bath County,652.8,0.0,"4,902","4,902",0.0,20.4,"1,203.6",20.4,20.4,1995,1995
87,62.5,416.8,Bath County,729.3,0.0,"4,799","4,799",20.8,20.8,"1,229.4",104.2,83.4,1990,1990
88,73.2,347.5,Bath County,310.9,0.0,"5,468","5,468",0.0,0.0,695.0,73.2,36.6,1985,1985
89,51.9,744.5,Bath County,917.6,0.0,"5,776","5,776",0.0,17.3,"1,748.6",69.3,86.6,1980,1980
90,69.5,214.8,Bedford County,879.3,1.5,"64,708","64,708",17.0,7.7,"1,145.1",95.8,51.0,2005,2005
91,64.8,229.1,Bedford County,798.0,0.0,"63,285","63,285",22.1,3.2,"1,084.0",90.1,56.9,2004,2004
92,60.6,188.3,Bedford County,847.4,0.0,"62,662","62,662",12.8,4.8,"1,113.9",78.2,78.2,2003,2003
93,54.7,263.6,Bedford County,"1,024.0",0.0,"62,205","62,205",32.2,4.8,"1,390.6",91.6,102.9,2002,2002
94,73.4,244.7,Bedford County,"1,079.9",0.0,"61,303","61,303",14.7,3.3,"1,375.1",91.3,50.6,2001,2001
95,72.9,154.0,Bedford County,606.3,3.3,"60,371","60,371",18.2,3.3,786.8,97.7,26.5,2000,2000
96,32.6,380.1,Bedford County,"1,017.3",5.8,"52,097","52,097",3.8,1.9,"1,433.9",44.1,36.5,1995,1995
97,48.2,438.1,Bedford County,779.7,2.2,"45,656","45,656",8.8,2.2,"1,292.3",61.3,74.5,1990,1990
98,42.8,396.1,Bedford County,628.9,13.4,"37,364","37,364",8.0,13.4,"1,043.8",77.6,18.7,1985,1985
99,74.7,686.5,Bedford County,660.7,11.5,"34,814","34,814",20.1,11.5,"1,396.0",117.8,48.8,1980,1980
100,0.0,252.3,Bland County,532.6,0.0,"7,135","7,135",14.0,0.0,869.0,14.0,84.1,2005,2005
101,0.0,611.3,Bland County,483.4,0.0,"7,034","7,034",0.0,28.4,"1,151.5",28.4,56.9,2004,2004
102,0.0,399.8,Bland County,399.8,0.0,"7,004","7,004",0.0,0.0,899.5,0.0,99.9,2003,2003
103,14.1,268.4,Bland County,522.6,0.0,"7,080","7,080",0.0,14.1,833.3,28.2,42.4,2002,2002
104,14.3,487.3,Bland County,559.0,0.0,"6,977","6,977",0.0,0.0,"1,060.6",14.3,14.3,2001,2001
105,0.0,291.1,Bland County,393.0,0.0,"6,871","6,871",0.0,0.0,698.6,0.0,14.6,2000,2000
106,43.8,87.7,Bland County,467.5,0.0,"6,845","6,845",29.2,0.0,569.8,73.0,14.6,1995,1995
107,30.7,537.3,Bland County,921.1,0.0,"6,514","6,514",0.0,0.0,"1,519.8",30.7,61.4,1990,1990
108,15.2,121.5,Bland County,106.4,0.0,"6,582","6,582",0.0,0.0,243.1,15.2,15.2,1985,1985
109,15.8,299.4,Bland County,0.0,15.8,"6,346","6,346",0.0,15.8,299.4,47.3,0.0,1980,1980
110,71.3,124.1,Botetourt County,"1,141.6",6.2,"32,236","32,236",6.2,3.1,"1,352.5",86.9,86.9,2005,2005
111,85.0,125.9,Botetourt County,"1,010.7",0.0,"31,761","31,761",6.3,6.3,"1,187.0",97.6,50.4,2004,2004
112,72.6,173.7,Botetourt County,798.9,6.3,"31,670","31,670",25.3,6.3,"1,019.9",110.5,47.4,2003,2003
113,41.4,111.4,Botetourt County,843.4,6.4,"31,422","31,422",12.7,3.2,"1,024.8",63.6,70.0,2002,2002
114,77.5,135.6,Botetourt County,"1,088.3",0.0,"30,967","30,967",22.6,19.4,"1,314.3",119.5,90.4,2001,2001
115,59.0,121.3,Botetourt County,911.6,6.6,"30,496","30,496",32.8,3.3,"1,108.3",101.7,75.4,2000,2000
116,44.6,174.9,Botetourt County,725.5,0.0,"26,878","26,878",7.4,11.2,971.1,63.2,70.7,1995,1995
117,16.8,298.7,Botetourt County,"1,262.1",4.2,"23,770","23,770",21.0,8.4,"1,636.5",50.5,75.7,1990,1990
118,39.2,382.9,Botetourt County,939.8,4.4,"22,984","22,984",13.1,8.7,"1,409.7",65.3,87.0,1985,1985
119,17.2,849.3,Botetourt County,"1,235.3",4.3,"23,314","23,314",0.0,4.3,"2,187.5",25.7,102.9,1980,1980
120,87.2,366.2,Brunswick County,680.0,11.6,"17,205","17,205",11.6,5.8,"1,162.5",116.2,116.2,2005,2005
121,29.2,414.3,Brunswick County,846.1,5.8,"17,137","17,137",11.7,11.7,"1,453.0",58.4,192.6,2004,2004
122,69.7,429.7,Brunswick County,859.5,11.6,"17,220","17,220",0.0,23.2,"1,370.5",104.5,81.3,2003,2003
123,45.3,101.9,Brunswick County,288.7,0.0,"17,666","17,666",0.0,5.7,418.9,50.9,28.3,2002,2002
124,63.2,114.9,Brunswick County,287.2,0.0,"17,408","17,408",0.0,5.7,448.1,68.9,46.0,2001,2001
125,17.5,204.2,Brunswick County,326.6,11.7,"17,144","17,144",11.7,0.0,589.1,40.8,58.3,2000,2000
126,249.4,357.2,Brunswick County,444.9,0.0,"14,836","14,836",13.5,6.7,802.1,269.6,0.0,1995,1995
127,137.9,551.7,Brunswick County,551.7,6.9,"14,501","14,501",20.7,13.8,"1,110.3",179.3,6.9,1990,1990
128,161.4,692.7,Brunswick County,531.3,13.4,"14,870","14,870",6.7,0.0,"1,250.8",181.6,26.9,1985,1985
129,0.0,0.0,Brunswick County,0.0,0.0,0,0,0.0,0.0,0.0,0.0,0.0,1980,1980
130,154.9,758.3,Buchanan County,"1,182.4",4.1,"24,527","24,527",28.5,20.4,"2,148.7",207.9,207.9,2005,2005
131,141.1,793.9,Buchanan County,"1,434.7",24.2,"24,813","24,813",44.3,32.2,"2,426.1",241.8,197.5,2004,2004
132,134.6,831.3,Buchanan County,"1,405.3",7.9,"25,261","25,261",15.8,19.8,"2,442.5",178.1,205.9,2003,2003
133,127.5,746.4,Buchanan County,"1,121.5",3.8,"26,660","26,660",18.8,30.0,"2,006.8",180.0,138.8,2002,2002
134,224.6,700.4,Buchanan County,"1,042.9",0.0,"26,272","26,272",7.6,0.0,"1,827.0",232.2,83.7,2001,2001
135,181.7,297.6,Buchanan County,440.6,7.7,"25,873","25,873",0.0,7.7,765.3,197.1,27.1,2000,2000
136,167.6,355.2,Buchanan County,418.9,0.0,"29,839","29,839",3.4,0.0,894.8,170.9,120.6,1995,1995
137,126.5,246.4,Buchanan County,512.9,0.0,"30,028","30,028",10.0,0.0,905.8,136.5,146.5,1990,1990
138,0.0,169.1,Buchanan County,212.7,2.7,"36,670","36,670",2.7,0.0,420.0,5.5,38.2,1985,1985
139,30.8,212.7,Buchanan County,14.0,16.8,"35,723","35,723",0.0,2.8,240.7,50.4,14.0,1980,1980
140,74.3,359.2,Buckingham County,681.2,6.2,"16,149","16,149",12.4,18.6,"1,127.0",111.5,86.7,2005,2005
141,93.8,250.0,Buckingham County,831.4,0.0,"15,997","15,997",12.5,12.5,"1,144.0",118.8,62.5,2004,2004
142,119.0,269.3,Buckingham County,663.8,12.5,"15,968","15,968",0.0,0.0,939.4,131.5,6.3,2003,2003
143,155.3,391.4,Buckingham County,826.2,0.0,"16,098","16,098",12.4,6.2,"1,223.8",173.9,6.2,2002,2002
144,113.5,516.9,Buckingham County,863.6,0.0,"15,864","15,864",31.5,18.9,"1,418.3",163.9,37.8,2001,2001
145,102.4,422.5,Buckingham County,633.7,12.8,"15,623","15,623",32.0,12.8,"1,081.7",160.0,25.6,2000,2000
146,113.3,453.3,Buckingham County,445.8,0.0,"13,236","13,236",7.6,30.2,936.8,151.1,37.8,1995,1995
147,326.3,714.7,Buckingham County,644.8,0.0,"12,873","12,873",38.8,7.8,"1,483.7",372.9,124.3,1990,1990
148,74.7,589.2,Buckingham County,514.5,0.0,"12,050","12,050",24.9,16.6,"1,136.9",116.2,33.2,1985,1985
149,246.7,459.4,Buckingham County,314.8,17.0,"11,755","11,755",0.0,0.0,816.7,263.7,42.5,1980,1980
150,102.6,326.6,Campbell County,"1,168.2",0.0,"47,764","47,764",27.2,14.7,"1,622.6",144.5,127.7,2005,2005
151,86.8,281.7,Campbell County,870.5,2.1,"47,212","47,212",29.7,21.2,"1,241.2",139.8,89.0,2004,2004
152,111.7,210.8,Campbell County,904.4,0.0,"47,436","47,436",19.0,14.8,"1,174.2",145.5,59.0,2003,2003
153,121.3,407.9,Campbell County,"1,370.2",6.3,"47,803","47,803",27.2,25.1,"1,939.2",179.9,161.1,2002,2002
154,72.2,301.4,Campbell County,948.8,0.0,"47,110","47,110",23.3,21.2,"1,398.9",116.7,148.6,2001,2001
155,94.8,284.5,Campbell County,"1,125.1",2.2,"46,394","46,394",25.9,19.4,"1,513.1",142.3,103.5,2000,2000
156,392.2,387.7,Campbell County,"1,456.0",0.0,"44,367","44,367",13.5,13.5,"1,945.1",419.2,101.4,1995,1995
157,192.8,430.2,Campbell County,"1,238.8",7.1,"42,542","42,542",37.6,4.7,"1,741.8",242.1,72.9,1990,1990
158,97.1,325.1,Campbell County,"1,050.6",0.0,"41,215","41,215",17.0,2.4,"1,458.2",116.5,82.5,1985,1985
159,34.9,301.5,Campbell County,712.6,10.0,"40,132","40,132",12.5,7.5,"1,051.5",64.8,37.4,1980,1980
160,359.1,175.3,Caroline County,"1,205.6",4.3,"23,390","23,390",51.3,17.1,"1,428.0",431.8,47.0,2005,2005
161,333.8,124.6,Caroline County,734.4,0.0,"22,466","22,466",26.7,17.8,957.0,378.3,97.9,2004,2004
162,377.9,200.4,Caroline County,487.2,13.7,"21,961","21,961",27.3,27.3,742.2,446.2,54.6,2003,2003
163,201.6,192.4,Caroline County,435.2,0.0,"21,827","21,827",73.3,18.3,650.6,293.2,22.9,2002,2002
164,339.3,237.1,Caroline County,794.9,0.0,"21,512","21,512",60.4,41.8,"1,050.6",441.6,18.6,2001,2001
165,302.1,349.3,Caroline County,637.2,18.9,"21,185","21,185",42.5,18.9,"1,038.5",382.3,51.9,2000,2000
166,314.0,324.0,Caroline County,802.4,0.0,"20,064","20,064",49.8,34.9,"1,146.3",398.7,19.9,1995,1995
167,146.0,481.3,Caroline County,"1,476.5",10.8,"18,490","18,490",43.3,27.0,"2,103.8",227.1,146.0,1990,1990
168,191.9,383.7,Caroline County,317.9,5.5,"18,242","18,242",27.4,32.9,734.6,257.6,32.9,1985,1985
169,186.5,480.4,Caroline County,570.8,0.0,"17,695","17,695",33.9,50.9,"1,068.1",271.3,17.0,1980,1980
170,99.5,530.6,Carroll County,854.9,3.7,"27,139","27,139",14.7,22.1,"1,555.0",140.0,169.5,2005,2005
171,126.7,361.4,Carroll County,666.9,3.7,"26,841","26,841",7.5,14.9,"1,173.6",152.8,145.3,2004,2004
172,149.9,547.3,Carroll County,862.2,3.7,"26,676","26,676",7.5,11.2,"1,544.5",172.4,135.0,2003,2003
173,91.1,357.1,Carroll County,797.9,3.6,"27,446","27,446",18.2,10.9,"1,249.7",123.9,94.7,2002,2002
174,92.4,465.8,Carroll County,820.7,0.0,"27,049","27,049",14.8,18.5,"1,408.6",125.7,122.0,2001,2001
175,120.1,390.4,Carroll County,878.4,7.5,"26,638","26,638",18.8,18.8,"1,430.3",165.2,161.4,2000,2000
176,112.0,425.0,Carroll County,540.9,0.0,"25,883","25,883",11.6,3.9,"1,077.9",127.5,112.0,1995,1995
177,48.8,467.7,Carroll County,492.2,0.0,"24,586","24,586",8.1,4.1,"1,025.0",61.0,65.1,1990,1990
178,7.6,272.2,Carroll County,317.6,0.0,"26,450","26,450",7.6,7.6,623.8,22.7,34.0,1985,1985
179,56.1,444.6,Carroll County,272.3,4.0,"24,969","24,969",8.0,4.0,785.0,72.1,68.1,1980,1980
180,41.5,41.5,Charles City County,110.8,13.8,"7,223","7,223",13.8,27.7,152.3,96.9,0.0,2005,2005
181,41.7,180.8,Charles City County,236.5,0.0,"7,189","7,189",0.0,0.0,445.1,41.7,27.8,2004,2004
182,95.5,218.3,Charles City County,245.5,0.0,"7,331","7,331",0.0,27.3,504.7,122.8,40.9,2003,2003
183,182.1,238.2,Charles City County,448.4,0.0,"7,137","7,137",0.0,0.0,770.6,182.1,84.1,2002,2002
184,42.7,128.0,Charles City County,128.0,0.0,"7,033","7,033",0.0,0.0,298.6,42.7,42.7,2001,2001
185,0.0,0.0,Charles City County,0.0,0.0,"6,926","6,926",0.0,0.0,0.0,0.0,0.0,2000,2000
186,44.6,29.7,Charles City County,252.8,0.0,"6,726","6,726",0.0,0.0,297.4,44.6,14.9,1995,1995
187,47.8,589.0,Charles City County,254.7,0.0,"6,282","6,282",15.9,0.0,891.4,63.7,47.8,1990,1990
188,88.4,280.1,Charles City County,353.8,0.0,"6,784","6,784",14.7,0.0,648.6,103.2,14.7,1985,1985
189,44.8,403.6,Charles City County,239.2,0.0,"6,690","6,690",29.9,0.0,642.8,74.7,0.0,1980,1980
190,103.2,230.3,Charlotte County,230.3,7.9,"12,591","12,591",23.8,7.9,556.0,143.0,95.3,2005,2005
191,119.3,79.5,Charlotte County,87.5,0.0,"12,576","12,576",0.0,8.0,190.8,127.2,23.9,2004,2004
192,121.3,242.6,Charlotte County,323.5,0.0,"12,364","12,364",32.4,24.3,679.4,177.9,113.2,2003,2003
193,194.5,225.7,Charlotte County,272.4,7.8,"12,851","12,851",0.0,7.8,560.3,210.1,62.3,2002,2002
194,110.5,173.7,Charlotte County,252.7,7.9,"12,664","12,664",7.9,23.7,513.3,150.0,86.9,2001,2001
195,144.3,296.7,Charlotte County,537.2,0.0,"12,472","12,472",24.1,40.1,857.9,208.5,24.1,2000,2000
196,73.4,163.2,Charlotte County,465.1,16.3,"12,255","12,255",8.2,0.0,644.6,97.9,16.3,1995,1995
197,59.9,393.6,Charlotte County,607.5,0.0,"11,688","11,688",25.7,0.0,"1,052.4",85.6,51.3,1990,1990
198,439.8,722.0,Charlotte County,838.2,0.0,"12,050","12,050",0.0,8.3,"1,585.1",448.1,24.9,1985,1985
199,484.1,968.2,Charlotte County,648.2,16.4,"12,187","12,187",8.2,0.0,"1,673.9",508.7,57.4,1980,1980
200,105.2,466.9,Chesterfield County,"2,066.5",2.8,"287,007","287,007",15.7,84.0,"2,716.7",207.7,183.3,2005,2005
201,94.8,498.2,Chesterfield County,"2,111.3",3.9,"279,595","279,595",18.2,72.6,"2,777.6",189.6,168.1,2004,2004
202,103.1,493.1,Chesterfield County,"2,132.3",5.1,"274,591","274,591",19.7,69.9,"2,788.1",197.7,162.8,2003,2003
203,104.6,500.8,Chesterfield County,"2,241.2",3.4,"267,798","267,798",20.2,77.7,"2,905.2",205.8,163.2,2002,2002
204,116.7,458.9,Chesterfield County,"2,319.7",3.0,"263,913","263,913",22.0,74.3,"2,943.0",216.0,164.4,2001,2001
205,106.6,380.5,Chesterfield County,"2,184.3",8.5,"259,903","259,903",23.9,77.3,"2,732.9",216.2,168.1,2000,2000
206,47.8,564.6,Chesterfield County,"2,746.6",3.0,"234,142","234,142",26.9,48.3,"3,465.0",126.0,153.8,1995,1995
207,65.0,751.6,Chesterfield County,"2,979.8",5.3,"209,274","209,274",25.8,45.4,"3,898.2",141.4,166.8,1990,1990
208,39.5,819.0,Chesterfield County,"2,572.4",1.2,"161,912","161,912",22.2,50.6,"3,534.0",113.6,142.7,1985,1985
209,45.3,"1,175.5",Chesterfield County,"2,616.0",6.4,"141,132","141,132",23.4,42.5,"3,952.3",117.6,160.8,1980,1980
210,348.7,211.1,Clarke County,"1,404.1",0.0,"10,897","10,897",27.5,0.0,"1,697.7",376.3,82.6,2005,2005
211,277.9,239.5,Clarke County,"1,485.1",19.2,"10,437","10,437",57.5,0.0,"1,820.4",354.5,95.8,2004,2004
212,317.7,163.7,Clarke County,"1,453.9",9.6,"10,386","10,386",19.3,0.0,"1,771.6",346.6,154.1,2003,2003
213,350.6,170.3,Clarke County,"1,252.1",20.0,"9,983","9,983",10.0,0.0,"1,542.6",380.6,120.2,2002,2002
214,579.4,183.0,Clarke County,"1,290.9",0.0,"9,838","9,838",20.3,20.3,"1,565.4",620.0,91.5,2001,2001
215,340.6,165.1,Clarke County,"1,269.5",10.3,"9,689","9,689",41.3,20.6,"1,527.5",412.8,92.9,2000,2000
216,21.7,357.5,Clarke County,"1,451.5",0.0,"9,232","9,232",43.3,0.0,"1,971.4",65.0,162.5,1995,1995
217,55.5,510.9,Clarke County,899.6,0.0,"9,004","9,004",33.3,0.0,"1,577.1",88.8,166.6,1990,1990
218,11.7,349.7,Clarke County,442.9,11.7,"8,580","8,580",35.0,0.0,850.8,58.3,58.3,1985,1985
219,123.1,911.2,Clarke County,"1,539.2",0.0,"8,121","8,121",12.3,24.6,"2,561.3",160.1,110.8,1980,1980
220,38.4,0.0,Craig County,134.3,19.2,"5,213","5,213",0.0,0.0,211.0,57.5,76.7,2005,2005
221,96.0,211.1,Craig County,249.5,38.4,"5,210","5,210",0.0,0.0,499.0,134.4,38.4,2004,2004
222,57.9,115.8,Craig County,96.5,0.0,"5,183","5,183",0.0,0.0,212.2,57.9,0.0,2003,2003
223,324.1,38.1,Craig County,171.6,0.0,"5,246","5,246",19.1,0.0,228.7,343.1,19.1,2002,2002
224,154.7,135.4,Craig County,386.8,0.0,"5,170","5,170",58.0,0.0,560.9,212.8,38.7,2001,2001
225,58.9,39.3,Craig County,117.9,0.0,"5,091","5,091",39.3,0.0,176.8,98.2,19.6,2000,2000
226,0.0,64.1,Craig County,213.8,0.0,"4,678","4,678",21.4,0.0,277.9,21.4,0.0,1995,1995
227,0.0,343.1,Craig County,114.4,0.0,"4,372","4,372",22.9,0.0,503.2,22.9,45.7,1990,1990
228,98.8,395.1,Craig County,123.5,0.0,"4,050","4,050",0.0,24.7,518.5,123.5,0.0,1985,1985
229,0.0,25.2,Craig County,0.0,0.0,"3,966","3,966",0.0,0.0,25.2,0.0,0.0,1980,1980
230,50.8,145.6,Culpeper County,582.2,0.0,"29,542","29,542",13.5,13.5,771.8,77.9,44.0,2005,2005
231,66.9,140.9,Culpeper County,704.4,0.0,"28,393","28,393",17.6,17.6,901.6,102.1,56.4,2004,2004
232,84.9,121.8,Culpeper County,620.0,3.7,"27,095","27,095",11.1,3.7,793.5,103.3,51.7,2003,2003
233,82.9,157.8,Culpeper County,832.5,0.0,"25,345","25,345",35.5,11.8,"1,057.4",130.2,67.1,2002,2002
234,40.0,48.0,Culpeper County,292.3,8.0,"24,978","24,978",8.0,4.0,360.3,60.1,20.0,2001,2001
235,0.0,0.0,Culpeper County,0.0,0.0,"24,598","24,598",0.0,0.0,0.0,0.0,0.0,2000,2000
236,72.6,275.8,Culpeper County,"1,098.4",14.5,"20,667","20,667",9.7,9.7,"1,495.1",106.4,121.0,1995,1995
237,109.3,109.3,Culpeper County,687.1,10.4,"19,210","19,210",10.4,10.4,812.1,140.6,15.6,1990,1990
238,139.5,200.1,Culpeper County,363.9,6.1,"16,488","16,488",0.0,6.1,570.1,151.6,6.1,1985,1985
239,12.6,510.8,Culpeper County,731.5,6.3,"15,858","15,858",37.8,12.6,"1,261.2",69.4,18.9,1980,1980
240,124.7,328.9,Cumberland County,476.3,22.7,"8,818","8,818",11.3,0.0,918.6,158.8,113.4,2005,2005
241,125.2,432.4,Cumberland County,614.4,0.0,"8,789","8,789",11.4,0.0,"1,115.0",136.5,68.3,2004,2004
242,117.2,257.8,Cumberland County,527.2,0.0,"8,535","8,535",35.1,0.0,808.4,152.3,23.4,2003,2003
243,136.4,261.4,Cumberland County,568.2,0.0,"8,799","8,799",45.5,0.0,931.9,181.8,102.3,2002,2002
244,103.8,299.8,Cumberland County,357.5,11.5,"8,672","8,672",34.6,0.0,738.0,149.9,80.7,2001,2001
245,117.1,339.6,Cumberland County,409.8,23.4,"8,540","8,540",35.1,0.0,889.9,175.6,140.5,2000,2000
246,51.4,257.0,Cumberland County,411.2,0.0,"7,782","7,782",12.9,0.0,835.3,64.3,167.1,1995,1995
247,38.3,230.0,Cumberland County,345.0,0.0,"7,825","7,825",0.0,0.0,587.9,38.3,12.8,1990,1990
248,0.0,0.0,Cumberland County,0.0,0.0,0,0,0.0,0.0,0.0,0.0,0.0,1985,1985
249,38.5,231.2,Cumberland County,244.0,0.0,"7,786","7,786",12.8,0.0,488.1,51.4,12.8,1980,1980
250,119.1,567.4,Dickenson County,"1,317.0",56.0,"14,275","14,275",14.0,7.0,"1,933.5",196.1,49.0,2005,2005
251,70.7,310.9,Dickenson County,727.7,0.0,"14,154","14,154",7.1,0.0,"1,073.9",77.7,35.3,2004,2004
252,56.0,434.3,Dickenson County,672.5,0.0,"14,276","14,276",14.0,0.0,"1,106.8",70.0,0.0,2003,2003
253,68.2,409.1,Dickenson County,695.4,13.6,"14,668","14,668",0.0,13.6,"1,111.3",95.4,6.8,2002,2002
254,69.2,380.5,Dickenson County,629.5,6.9,"14,455","14,455",48.4,0.0,"1,023.9",124.5,13.8,2001,2001
255,35.1,154.5,Dickenson County,702.4,0.0,"14,236","14,236",0.0,0.0,906.2,35.1,49.2,2000,2000
256,18.7,124.7,Dickenson County,367.8,6.2,"16,043","16,043",0.0,0.0,536.1,24.9,43.6,1995,1995
257,18.9,195.5,Dickenson County,346.9,0.0,"15,856","15,856",37.8,0.0,580.2,56.8,37.8,1990,1990
258,194.0,199.4,Dickenson County,269.5,0.0,"18,553","18,553",5.4,0.0,539.0,199.4,70.1,1985,1985
259,46.4,381.4,Dickenson County,268.0,20.6,"19,403","19,403",15.5,0.0,783.4,82.5,134.0,1980,1980
260,55.9,223.6,Dinwiddie County,"1,521.1",20.0,"25,048","25,048",8.0,59.9,"1,868.4",143.7,123.8,2005,2005
261,97.5,195.0,Dinwiddie County,"1,986.5",16.2,"24,616","24,616",24.4,20.3,"2,404.9",158.4,223.4,2004,2004
262,36.6,272.6,Dinwiddie County,"2,181.0",8.1,"24,576","24,576",20.3,12.2,"2,543.1",77.3,89.5,2003,2003
263,72.5,362.6,Dinwiddie County,"2,074.6",12.1,"24,824","24,824",24.2,32.2,"2,558.0",141.0,120.9,2002,2002
264,77.7,519.1,Dinwiddie County,"2,338.1",16.4,"24,464","24,464",24.5,32.7,"2,984.0",151.2,126.7,2001,2001
265,95.5,357.0,Dinwiddie County,"1,793.1",8.3,"24,092","24,092",45.7,58.1,"2,316.1",207.5,166.0,2000,2000
266,87.4,395.6,Dinwiddie County,812.0,8.3,"24,015","24,015",16.7,37.5,"1,245.1",149.9,37.5,1995,1995
267,92.3,622.1,Dinwiddie County,908.9,24.3,"20,574","20,574",14.6,43.7,"1,633.1",175.0,102.1,1990,1990
268,122.6,367.8,Dinwiddie County,537.6,14.1,"21,206","21,206",28.3,51.9,943.1,216.9,37.7,1985,1985
269,94.1,676.4,Dinwiddie County,689.8,9.0,"22,324","22,324",9.0,35.8,"1,415.5",147.8,49.3,1980,1980
270,156.4,300.7,Essex County,649.6,0.0,"8,313","8,313",0.0,0.0,"1,094.7",156.4,144.4,2005,2005
271,36.6,73.3,Essex County,537.5,0.0,"8,186","8,186",0.0,0.0,696.3,36.6,85.5,2004,2004
272,99.4,248.4,Essex County,670.6,0.0,"8,052","8,052",74.5,0.0,981.1,173.9,62.1,2003,2003
273,122.5,306.3,Essex County,747.4,12.3,"8,162","8,162",24.5,24.5,"1,176.2",183.8,122.5,2002,2002
274,111.9,335.7,Essex County,534.6,37.3,"8,043","8,043",37.3,0.0,957.4,186.5,87.0,2001,2001
275,88.4,214.6,Essex County,542.9,25.2,"7,921","7,921",12.6,0.0,871.1,126.2,113.6,2000,2000
276,147.6,416.1,Essex County,671.1,0.0,"7,451","7,451",67.1,13.4,"1,248.2",228.2,161.1,1995,1995
277,56.0,588.3,Essex County,854.5,0.0,"7,139","7,139",42.0,0.0,"1,554.8",98.1,112.1,1990,1990
278,113.6,255.6,Essex County,851.9,14.2,"7,043","7,043",14.2,0.0,"1,178.5",142.0,71.0,1985,1985
279,171.0,726.8,Essex County,883.6,14.3,"7,017","7,017",14.3,28.5,"1,653.1",228.0,42.8,1980,1980
280,21.0,99.4,Fairfax County,"1,397.9",1.4,"980,586","980,586",5.8,30.4,"1,627.2",58.6,129.8,2005,2005
281,21.2,14.1,Fairfax County,"1,429.8",0.2,"973,406","973,406",3.3,36.4,"1,582.1",61.0,138.2,2004,2004
282,24.2,46.6,Fairfax County,"1,517.3",0.6,"972,948","972,948",5.7,36.2,"1,713.6",66.6,149.6,2003,2003
283,13.5,156.9,Fairfax County,"1,519.6",0.8,"961,999","961,999",4.3,31.3,"1,807.7",49.9,131.2,2002,2002
284,4.4,148.1,Fairfax County,"1,196.7",0.2,"948,050","948,050",3.4,18.2,"1,388.7",26.3,44.0,2001,2001
285,1.6,110.6,Fairfax County,949.4,0.2,"933,641","933,641",3.2,11.5,"1,093.6",16.5,33.5,2000,2000
286,40.6,255.6,Fairfax County,"2,566.6",1.8,"856,544","856,544",11.2,52.2,"3,053.7",105.8,231.5,1995,1995
287,49.6,346.0,Fairfax County,"2,720.4",3.4,"787,593","787,593",12.7,62.2,"3,327.2",128.0,260.8,1990,1990
288,48.7,493.5,Fairfax County,"2,673.9",0.6,"651,037","651,037",11.8,78.5,"3,399.2",139.6,231.8,1985,1985
289,66.1,"1,121.8",Fairfax County,"3,213.4",3.7,"568,736","568,736",17.8,88.4,"4,618.1",176.0,282.9,1980,1980
290,87.9,184.7,Fauquier County,988.3,1.8,"55,753","55,753",23.3,7.2,"1,243.0",120.2,70.0,2005,2005
291,98.5,144.9,Fauquier County,"1,045.9",1.9,"53,827","53,827",5.6,11.1,"1,259.6",117.0,68.7,2004,2004
292,97.2,207.7,Fauquier County,981.1,1.9,"52,492","52,492",22.9,22.9,"1,274.5",144.8,85.7,2003,2003
293,124.1,154.2,Fauquier County,985.1,2.0,"49,942","49,942",18.0,18.0,"1,203.4",162.2,64.1,2002,2002
294,93.5,203.2,Fauquier County,"1,087.0",8.1,"49,217","49,217",18.3,16.3,"1,371.5",136.1,81.3,2001,2001
295,109.3,293.0,Fauquier County,"1,079.0",0.0,"48,469","48,469",22.7,24.8,"1,423.6",156.8,51.6,2000,2000
296,87.6,388.8,Fauquier County,826.8,2.1,"46,805","46,805",15.0,23.5,"1,320.4",128.2,104.7,1995,1995
297,34.2,230.0,Fauquier County,990.6,0.0,"43,911","43,911",27.3,0.0,"1,304.9",61.5,84.3,1990,1990
298,31.1,339.4,Fauquier County,693.0,2.8,"35,355","35,355",19.8,5.7,"1,066.3",59.4,33.9,1985,1985
299,0.0,620.7,Fauquier County,376.2,6.3,"31,898","31,898",0.0,0.0,996.9,6.3,0.0,1980,1980
300,61.3,231.7,Floyd County,899.6,0.0,"14,673","14,673",6.8,0.0,"1,213.1",68.2,81.8,2005,2005
301,34.5,220.8,Floyd County,"1,028.1",0.0,"14,493","14,493",6.9,0.0,"1,386.9",41.4,138.0,2004,2004
302,0.0,90.1,Floyd County,998.0,0.0,"14,429","14,429",0.0,0.0,"1,192.0",0.0,104.0,2003,2003
303,14.0,237.8,Floyd County,776.4,0.0,"14,296","14,296",7.0,0.0,"1,119.2",21.0,104.9,2002,2002
304,42.6,291.0,Floyd County,809.2,0.0,"14,088","14,088",14.2,14.2,"1,192.5",71.0,92.3,2001,2001
305,0.0,324.3,Floyd County,569.4,7.2,"13,874","13,874",36.0,14.4,980.3,57.7,86.5,2000,2000
306,7.9,386.4,Floyd County,441.6,7.9,"12,682","12,682",7.9,0.0,906.8,23.7,78.9,1995,1995
307,16.7,299.9,Floyd County,224.9,8.3,"12,005","12,005",16.7,8.3,624.7,50.0,100.0,1990,1990
308,42.2,270.1,Floyd County,253.2,0.0,"11,847","11,847",42.2,0.0,599.3,84.4,76.0,1985,1985
309,44.9,584.0,Floyd County,467.2,0.0,"11,130","11,130",9.0,9.0,"1,096.1",62.9,44.9,1980,1980
310,62.5,208.5,Fluvanna County,675.4,0.0,"23,985","23,985",25.0,4.2,942.3,91.7,58.4,2005,2005
311,98.7,188.8,Fluvanna County,712.2,0.0,"23,308","23,308",25.7,8.6,995.4,133.0,94.4,2004,2004
312,66.7,160.1,Fluvanna County,693.6,0.0,"22,490","22,490",35.6,13.3,916.0,115.6,62.2,2003,2003
313,121.0,271.1,Fluvanna County,677.8,0.0,"20,656","20,656",19.4,19.4,"1,021.5",159.8,72.6,2002,2002
314,186.7,284.9,Fluvanna County,717.2,4.9,"20,356","20,356",29.5,4.9,"1,080.8",226.0,78.6,2001,2001
315,64.8,194.5,Fluvanna County,643.5,0.0,"20,047","20,047",20.0,5.0,902.9,89.8,64.8,2000,2000
316,58.5,351.1,Fluvanna County,598.2,19.5,"15,379","15,379",6.5,0.0,"1,014.4",84.5,65.0,1995,1995
317,64.4,337.9,Fluvanna County,394.2,0.0,"12,429","12,429",0.0,0.0,756.3,64.4,24.1,1990,1990
318,18.8,413.8,Fluvanna County,507.9,0.0,"10,632","10,632",0.0,0.0,921.7,18.8,0.0,1985,1985
319,78.6,785.8,Fluvanna County,599.2,9.8,"10,181","10,181",19.6,9.8,"1,404.6",117.9,19.6,1980,1980
320,58.8,217.7,Franklin County,"1,108.0",0.0,"45,939","45,939",13.1,15.2,"1,434.5",87.1,108.8,2005,2005
321,77.8,195.6,Franklin County,982.3,4.4,"44,997","44,997",22.2,4.4,"1,315.6",108.9,137.8,2004,2004
322,77.8,175.7,Franklin County,829.6,2.2,"44,961","44,961",26.7,20.0,"1,116.5",126.8,111.2,2003,2003
323,60.6,181.9,Franklin County,833.1,4.5,"44,533","44,533",15.7,11.2,"1,068.9",92.1,53.9,2002,2002
324,91.1,198.2,Franklin County,865.9,4.6,"43,887","43,887",43.3,11.4,"1,166.6",150.4,102.5,2001,2001
325,148.1,168.9,Franklin County,937.1,4.6,"43,220","43,220",13.9,18.5,"1,203.1",185.1,97.2,2000,2000
326,46.5,258.4,Franklin County,524.5,0.0,"38,702","38,702",7.8,5.2,875.9,59.4,93.0,1995,1995
327,25.4,437.2,Franklin County,874.4,2.8,"35,451","35,451",2.8,11.3,"1,379.4",42.3,67.7,1990,1990
328,63.9,313.4,Franklin County,681.6,6.1,"32,864","32,864",3.0,3.0,"1,065.0",76.1,70.0,1985,1985
329,51.0,421.1,Franklin County,928.4,9.6,"31,345","31,345",0.0,6.4,"1,397.4",67.0,47.9,1980,1980
330,55.2,308.1,Frederick County,"1,284.5",0.0,"65,238","65,238",32.2,10.7,"1,755.1",98.1,162.5,2005,2005
331,50.8,330.5,Frederick County,"1,303.0",1.6,"62,931","62,931",36.5,22.2,"1,797.2",111.2,163.7,2004,2004
332,73.2,401.6,Frederick County,"1,619.2",3.3,"61,511","61,511",16.3,24.4,"2,146.0",117.1,125.2,2003,2003
333,57.8,360.7,Frederick County,"1,463.1",6.8,"58,781","58,781",44.2,15.3,"1,978.5",124.2,154.8,2002,2002
334,25.9,441.9,Frederick County,"1,567.5",3.5,"57,928","57,928",41.4,12.1,"2,178.6",82.9,169.2,2001,2001
335,33.3,303.3,Frederick County,"1,495.2",5.3,"57,048","57,048",24.5,5.3,"1,954.5",68.4,156.0,2000,2000
336,63.4,479.5,Frederick County,"1,668.6",0.0,"47,345","47,345",23.2,12.7,"2,302.2",99.3,154.2,1995,1995
337,46.0,400.2,Frederick County,"1,750.4",2.3,"43,476","43,476",18.4,16.1,"2,270.2",82.8,119.6,1990,1990
338,101.6,499.1,Frederick County,"1,380.9",9.0,"33,457","33,457",6.0,41.8,"2,035.4",158.4,155.4,1985,1985
339,84.6,"1,034.0",Frederick County,"1,685.7",6.3,"31,916","31,916",3.1,34.5,"2,870.0",128.5,150.4,1980,1980
340,117.5,352.4,Giles County,"1,311.5",9.8,"10,217","10,217",68.5,48.9,"1,810.7",244.7,146.8,2005,2005
341,257.2,29.7,Giles County,168.2,0.0,"10,107","10,107",19.8,0.0,197.9,277.0,0.0,2004,2004
342,255.5,29.5,Giles County,9.8,0.0,"10,178","10,178",0.0,0.0,39.3,255.5,0.0,2003,2003
343,49.2,19.7,Giles County,0.0,9.8,"10,166","10,166",29.5,0.0,29.5,88.5,9.8,2002,2002
344,69.9,59.9,Giles County,10.0,10.0,"10,020","10,020",0.0,0.0,69.9,79.8,0.0,2001,2001
345,121.6,50.7,Giles County,263.5,0.0,"9,867","9,867",20.3,0.0,395.3,141.9,81.1,2000,2000
346,146.0,214.1,Giles County,934.3,9.7,"10,275","10,275",19.5,9.7,"1,226.3",184.9,77.9,1995,1995
347,106.6,358.7,Giles County,339.3,0.0,"10,316","10,316",38.8,9.7,756.1,155.1,58.2,1990,1990
348,82.4,128.1,Giles County,402.7,0.0,"10,925","10,925",18.3,0.0,604.1,100.7,73.2,1985,1985
349,83.9,160.3,Giles County,831.8,0.0,"13,104","13,104",7.6,0.0,"1,076.0",91.6,83.9,1980,1980
350,60.8,148.1,Gloucester County,970.9,0.0,"37,800","37,800",13.2,2.6,"1,177.2",76.7,58.2,2005,2005
351,37.8,121.4,Gloucester County,957.8,2.7,"37,063","37,063",27.0,16.2,"1,119.7",83.6,40.5,2004,2004
352,77.3,99.4,Gloucester County,"1,154.4",2.8,"36,210","36,210",22.1,2.8,"1,314.6",104.9,60.8,2003,2003
353,106.0,187.0,Gloucester County,"1,372.9",5.6,"35,837","35,837",16.7,11.2,"1,590.5",139.5,30.7,2002,2002
354,53.8,172.7,Gloucester County,"1,143.9",2.8,"35,317","35,317",19.8,8.5,"1,373.3",84.9,56.6,2001,2001
355,74.8,230.0,Gloucester County,"1,328.3",5.8,"34,780","34,780",14.4,23.0,"1,664.7",117.9,106.4,2000,2000
356,39.4,339.5,Gloucester County,"1,069.9",0.0,"32,994","32,994",18.2,6.1,"1,451.8",63.6,42.4,1995,1995
357,169.3,491.2,Gloucester County,"1,218.0",6.6,"30,131","30,131",0.0,10.0,"1,805.4",185.9,96.2,1990,1990
358,32.0,399.8,Gloucester County,"1,191.5",4.0,"25,011","25,011",20.0,24.0,"1,683.3",80.0,92.0,1985,1985
359,205.3,781.3,Gloucester County,"1,232.0",10.0,"19,968","19,968",20.0,40.1,"2,078.3",275.4,65.1,1980,1980
360,257.6,294.4,Goochland County,609.8,15.8,"19,024","19,024",15.8,5.3,"1,014.5",294.4,110.4,2005,2005
361,223.8,229.3,Goochland County,666.0,10.9,"18,318","18,318",10.9,16.4,"1,031.8",262.0,136.5,2004,2004
362,135.2,236.7,Goochland County,631.1,5.6,"17,746","17,746",5.6,5.6,952.3,152.1,84.5,2003,2003
363,155.4,333.8,Goochland County,644.6,11.5,"17,376","17,376",0.0,17.3,"1,053.2",184.2,74.8,2002,2002
364,204.4,81.8,Goochland County,356.2,5.8,"17,123","17,123",11.7,23.4,508.1,245.3,70.1,2001,2001
365,142.3,355.8,Goochland County,421.0,0.0,"16,863","16,863",5.9,5.9,812.4,154.2,35.6,2000,2000
366,74.9,380.9,Goochland County,493.3,6.2,"16,014","16,014",6.2,0.0,955.4,87.4,81.2,1995,1995
367,21.2,684.9,Goochland County,847.3,7.1,"14,163","14,163",14.1,7.1,"1,588.6",49.4,56.5,1990,1990
368,189.6,624.2,Goochland County,561.0,7.9,"12,657","12,657",7.9,7.9,"1,240.4",213.3,55.3,1985,1985
369,34.1,724.9,Goochland County,"1,091.7",0.0,"11,725","11,725",0.0,8.5,"1,850.7",42.6,34.1,1980,1980
370,72.4,473.8,Grayson County,519.8,13.2,"15,197","15,197",13.2,6.6,"1,079.2",105.3,85.5,2005,2005
371,125.0,408.0,Grayson County,454.1,6.6,"15,196","15,196",26.3,0.0,941.0,157.9,79.0,2004,2004
372,98.2,320.8,Grayson County,504.1,6.5,"15,275","15,275",13.1,6.5,903.4,124.4,78.6,2003,2003
373,53.5,433.8,Grayson County,386.2,5.9,"16,829","16,829",0.0,0.0,861.6,59.4,41.6,2002,2002
374,48.2,385.9,Grayson County,379.9,12.1,"16,584","16,584",0.0,18.1,808.0,78.4,42.2,2001,2001
375,85.7,220.4,Grayson County,355.1,0.0,"16,332","16,332",0.0,6.1,606.2,91.8,30.6,2000,2000
376,81.4,271.4,Grayson County,352.8,6.8,"14,740","14,740",0.0,0.0,651.3,88.2,27.1,1995,1995
377,20.5,349.3,Grayson County,301.4,0.0,"14,600","14,600",27.4,0.0,657.5,47.9,6.8,1990,1990
378,6.6,165.8,Grayson County,13.3,6.6,"15,079","15,079",0.0,0.0,192.3,13.3,13.3,1985,1985
379,19.1,261.3,Grayson County,318.7,0.0,"15,688","15,688",12.7,0.0,586.4,31.9,6.4,1980,1980
380,81.1,133.2,Greene County,677.5,5.8,"17,270","17,270",0.0,0.0,874.3,86.9,63.7,2005,2005
381,53.1,177.0,Greene County,584.2,0.0,"16,946","16,946",17.7,11.8,820.3,82.6,59.0,2004,2004
382,54.6,91.0,Greene County,370.2,24.3,"16,476","16,476",24.3,0.0,509.8,103.2,48.6,2003,2003
383,121.0,127.3,Greene County,643.0,0.0,"15,707","15,707",6.4,19.1,846.8,146.4,76.4,2002,2002
384,96.9,174.4,Greene County,717.1,0.0,"15,479","15,479",32.3,19.4,962.6,148.6,71.1,2001,2001
385,78.7,262.4,Greene County,898.7,0.0,"15,244","15,244",13.1,0.0,"1,266.1",91.8,105.0,2000,2000
386,267.9,315.2,Greene County,"1,316.0",0.0,"12,690","12,690",7.9,0.0,"1,694.2",275.8,63.0,1995,1995
387,252.5,359.3,Greene County,854.6,9.7,"10,297","10,297",38.8,9.7,"1,243.1",310.8,29.1,1990,1990
388,214.2,142.8,Greene County,535.5,0.0,"8,404","8,404",107.1,0.0,702.0,321.3,23.8,1985,1985
389,144.9,671.6,Greene County,987.6,52.7,"7,594","7,594",0.0,13.2,"1,711.9",210.7,52.7,1980,1980
390,257.2,454.5,Greensville County,"1,903.6",8.6,"11,662","11,662",8.6,34.3,"2,443.8",308.7,85.7,2005,2005
391,119.7,615.6,Greensville County,"1,419.3",0.0,"11,696","11,696",25.6,51.3,"2,188.8",196.6,153.9,2004,2004
392,409.6,42.7,Greensville County,"1,655.4",0.0,"11,719","11,719",42.7,51.2,"1,843.2",503.5,145.1,2003,2003
393,428.2,25.2,Greensville County,"1,074.6",16.8,"11,911","11,911",25.2,8.4,"1,150.2",478.5,50.4,2002,2002
394,298.2,68.2,Greensville County,903.0,0.0,"11,738","11,738",0.0,17.0,"1,047.9",315.2,76.7,2001,2001
395,259.5,60.6,Greensville County,562.3,43.3,"11,560","11,560",8.7,26.0,718.0,337.4,95.2,2000,2000
396,249.0,446.4,Greensville County,892.9,0.0,"11,648","11,648",8.6,0.0,"1,373.6",257.6,34.3,1995,1995
397,203.3,779.4,Greensville County,"1,716.9",0.0,"8,853","8,853",22.6,11.3,"2,609.3",237.2,113.0,1990,1990
398,309.8,842.4,Greensville County,"1,394.3",0.0,"10,328","10,328",38.7,29.0,"2,256.0",377.6,19.4,1985,1985
399,201.2,795.7,Greensville County,"1,253.0",9.1,"10,934","10,934",45.7,54.9,"2,057.8",311.0,9.1,1980,1980
400,36.6,344.4,Halifax County,601.0,0.0,"27,290","27,290",18.3,18.3,"1,007.7",73.3,62.3,2005,2005
401,51.2,237.6,Halifax County,983.2,3.7,"27,359","27,359",14.6,18.3,"1,290.3",87.7,69.4,2004,2004
402,57.8,350.6,Halifax County,954.3,14.5,"27,665","27,665",18.1,25.3,"1,355.5",115.7,50.6,2003,2003
403,98.9,219.0,Halifax County,635.8,28.3,"28,310","28,310",10.6,42.4,939.6,180.1,84.8,2002,2002
404,89.6,272.4,Halifax County,731.2,7.2,"27,899","27,899",10.8,21.5,"1,089.6",129.0,86.0,2001,2001
405,174.7,273.0,Halifax County,833.5,7.3,"27,475","27,475",7.3,47.3,"1,131.9",236.6,25.5,2000,2000
406,492.8,469.1,Halifax County,799.9,16.9,"29,629","29,629",23.6,27.0,"1,356.8",560.3,87.8,1995,1995
407,95.3,430.4,Halifax County,642.1,7.1,"28,345","28,345",10.6,24.7,"1,093.7",137.6,21.2,1990,1990
408,71.2,325.7,Halifax County,651.4,6.8,"29,477","29,477",6.8,10.2,"1,017.7",95.0,40.7,1985,1985
409,101.5,456.6,Halifax County,842.2,6.8,"29,565","29,565",0.0,3.4,"1,312.4",111.6,13.5,1980,1980
410,40.9,143.8,Hanover County,"1,050.9",4.4,"90,397","90,397",8.8,17.7,"1,240.1",71.9,45.4,2005,2005
411,20.4,130.6,Hanover County,"1,137.7",6.8,"88,073","88,073",12.5,19.3,"1,348.9",59.0,80.6,2004,2004
412,31.3,102.0,Hanover County,"1,085.8",1.2,"86,294","86,294",7.0,15.1,"1,280.5",54.5,92.7,2003,2003
413,41.4,153.4,Hanover County,"1,015.6",3.7,"82,121","82,121",17.0,28.0,"1,264.0",90.1,95.0,2002,2002
414,45.7,159.4,Hanover County,"1,087.3",0.0,"80,931","80,931",4.9,24.7,"1,292.5",75.4,45.7,2001,2001
415,52.7,149.3,Hanover County,"1,277.3",2.5,"79,701","79,701",6.3,20.1,"1,501.9",81.6,75.3,2000,2000
416,61.9,247.7,Hanover County,"1,566.0",0.0,"66,221","66,221",12.1,9.1,"1,868.0",83.1,54.4,1995,1995
417,40.0,400.4,Hanover County,"1,582.5",5.2,"57,442","57,442",15.7,26.1,"2,118.7",87.0,135.8,1990,1990
418,37.4,357.5,Hanover County,"1,267.7",2.1,"48,117","48,117",20.8,24.9,"1,737.4",85.2,112.2,1985,1985
419,87.7,681.9,Hanover County,"1,423.1",4.4,"45,605","45,605",19.7,19.7,"2,203.7",131.6,98.7,1980,1980
420,109.1,471.0,Henrico County,"2,685.9",4.3,"280,468","280,468",12.8,98.8,"3,381.1",225.0,224.3,2005,2005
421,119.1,593.5,Henrico County,"3,054.6",6.6,"273,780","273,780",10.2,106.3,"3,926.5",242.2,278.3,2004,2004
422,97.5,567.6,Henrico County,"2,989.9",7.7,"271,683","271,683",11.4,120.0,"3,828.7",236.7,271.3,2003,2003
423,103.6,518.7,Henrico County,"3,012.9",3.3,"270,268","270,268",11.5,100.6,"3,818.1",219.0,286.4,2002,2002
424,120.5,531.6,Henrico County,"3,141.0",5.3,"266,347","266,347",13.9,105.1,"3,984.7",244.8,312.0,2001,2001
425,115.1,549.4,Henrico County,"3,135.3",3.8,"262,300","262,300",13.3,91.9,"3,972.6",224.2,287.8,2000,2000
426,113.9,697.8,Henrico County,"2,929.7",6.5,"231,863","231,863",23.7,85.4,"3,864.4",229.4,236.8,1995,1995
427,173.5,744.9,Henrico County,"3,339.4",9.2,"217,881","217,881",26.2,92.3,"4,327.6",301.1,243.3,1990,1990
428,94.0,"1,103.1",Henrico County,"2,929.3",3.6,"194,719","194,719",24.7,102.2,"4,287.2",224.4,254.7,1985,1985
429,89.3,"1,465.2",Henrico County,"3,582.1",3.9,"180,315","180,315",27.2,82.6,"5,327.3",203.0,280.1,1980,1980
430,225.1,431.1,Henry County,"1,533.9",10.4,"57,762","57,762",29.4,46.7,"2,105.2",311.6,140.2,2005,2005
431,206.4,525.5,Henry County,"1,590.4",12.1,"57,658","57,658",20.8,67.6,"2,305.0",307.0,189.0,2004,2004
432,268.4,574.6,Henry County,"1,914.8",8.6,"58,125","58,125",36.1,63.7,"2,658.1",376.8,168.6,2003,2003
433,211.1,539.5,Henry County,"1,988.6",11.7,"59,690","59,690",33.5,67.0,"2,695.6",323.3,167.5,2002,2002
434,270.3,634.1,Henry County,"1,677.9",13.6,"58,824","58,824",27.2,52.7,"2,502.4",363.8,190.4,2001,2001
435,272.7,562.7,Henry County,"1,557.1",6.9,"57,930","57,930",29.3,69.0,"2,321.8",378.0,202.0,2000,2000
436,127.4,907.7,Henry County,"1,553.6",14.0,"57,287","57,287",20.9,94.3,"2,728.4",256.6,267.1,1995,1995
437,101.9,900.9,Henry County,"2,075.8",19.3,"56,942","56,942",12.3,38.6,"3,150.6",172.1,173.9,1990,1990
438,92.5,642.1,Henry County,"1,069.6",12.2,"57,312","57,312",22.7,20.9,"1,816.4",148.3,104.7,1985,1985
439,54.0,853.5,Henry County,"1,696.5",15.7,"57,412","57,412",5.2,34.8,"2,675.4",109.7,125.4,1980,1980
440,0.0,0.0,Highland County,0.0,0.0,"2,518","2,518",0.0,0.0,0.0,0.0,0.0,2005,2005
441,0.0,0.0,Highland County,0.0,0.0,"2,529","2,529",0.0,0.0,0.0,0.0,0.0,2004,2004
442,0.0,81.8,Highland County,122.6,0.0,"2,446","2,446",0.0,0.0,204.4,0.0,0.0,2003,2003
443,38.3,76.5,Highland County,574.1,76.5,"2,613","2,613",0.0,38.3,650.6,153.1,0.0,2002,2002
444,0.0,194.2,Highland County,388.3,38.8,"2,575","2,575",0.0,0.0,660.2,38.8,77.7,2001,2001
445,39.4,118.3,Highland County,630.9,0.0,"2,536","2,536",0.0,39.4,828.1,78.9,78.9,2000,2000
446,77.3,850.7,Highland County,580.0,0.0,"2,586","2,586",0.0,0.0,"1,469.5",77.3,38.7,1995,1995
447,0.0,379.5,Highland County,759.0,0.0,"2,635","2,635",38.0,0.0,"1,176.5",38.0,38.0,1990,1990
448,0.0,529.1,Highland County,352.7,0.0,"2,835","2,835",35.3,0.0,881.8,35.3,0.0,1985,1985
449,67.6,270.5,Highland County,338.2,0.0,"2,957","2,957",0.0,0.0,608.7,67.6,0.0,1980,1980
450,49.3,15.2,Isle Of Wight County,"1,392.0",3.8,"26,365","26,365",15.2,34.1,"1,558.9",102.4,151.7,2005,2005
451,58.9,31.4,Isle Of Wight County,"1,271.9",3.9,"25,473","25,473",15.7,19.6,"1,381.9",98.1,78.5,2004,2004
452,104.8,153.2,Isle Of Wight County,"1,120.9",0.0,"24,802","24,802",8.1,28.2,"1,362.8",141.1,88.7,2003,2003
453,37.3,356.6,Isle Of Wight County,"1,289.6",0.0,"24,116","24,116",24.9,45.6,"1,758.2",107.8,112.0,2002,2002
454,33.7,622.8,Isle Of Wight County,"1,241.3",4.2,"23,765","23,765",21.0,21.0,"1,994.5",79.9,130.4,2001,2001
455,47.0,645.2,Isle Of Wight County,"1,128.0",4.3,"23,404","23,404",25.6,47.0,"1,892.8",123.9,119.6,2000,2000
456,122.4,517.9,Isle Of Wight County,"1,299.5",0.0,"21,239","21,239",23.5,14.1,"1,916.3",160.1,98.9,1995,1995
457,58.9,505.7,Isle Of Wight County,"1,232.4",9.8,"20,367","20,367",54.0,24.5,"1,875.6",147.3,137.5,1990,1990
458,56.5,344.4,Isle Of Wight County,411.2,0.0,"19,453","19,453",5.1,10.3,791.7,72.0,36.0,1985,1985
459,34.3,508.5,Isle Of Wight County,657.0,17.1,"17,503","17,503",11.4,5.7,"1,216.9",68.6,51.4,1980,1980
460,74.6,282.4,James City County,"1,118.9",3.6,"56,303","56,303",14.2,21.3,"1,497.3",113.7,95.9,2005,2005
461,98.1,229.5,James City County,"1,321.8",0.0,"54,019","54,019",37.0,22.2,"1,649.4",157.4,98.1,2004,2004
462,74.9,270.8,James City County,"1,430.7",1.9,"52,072","52,072",34.6,36.5,"1,851.3",147.9,149.8,2003,2003
463,88.8,226.0,James City County,"1,604.0",2.0,"49,563","49,563",30.3,24.2,"1,987.4",145.3,157.4,2002,2002
464,51.2,319.4,James City County,"1,533.5",8.2,"48,844","48,844",26.6,36.9,"1,971.6",122.8,118.7,2001,2001
465,83.2,249.5,James City County,"1,407.4",2.1,"48,102","48,102",18.7,37.4,"1,773.3",141.4,116.4,2000,2000
466,149.6,296.6,James City County,"2,109.5",0.0,"39,441","39,441",20.3,55.8,"2,492.3",225.7,86.2,1995,1995
467,315.6,424.6,James City County,"2,435.5",11.5,"34,859","34,859",60.2,37.3,"2,994.9",424.6,134.8,1990,1990
468,298.7,517.7,James City County,"2,130.5",0.0,"25,112","25,112",51.8,39.8,"2,803.4",390.3,155.3,1985,1985
469,0.0,0.0,James City County,0.0,0.0,0,0,0.0,0.0,0.0,0.0,0.0,1980,1980
470,116.4,160.0,King And Queen County,451.0,14.5,"6,873","6,873",14.5,0.0,640.2,145.5,29.1,2005,2005
471,0.0,0.0,King And Queen County,0.0,0.0,"6,654","6,654",0.0,0.0,0.0,0.0,0.0,2004,2004
472,0.0,0.0,King And Queen County,0.0,0.0,"6,641","6,641",0.0,0.0,0.0,0.0,0.0,2003,2003
473,0.0,0.0,King And Queen County,0.0,0.0,"6,832","6,832",0.0,0.0,0.0,0.0,0.0,2002,2002
474,0.0,0.0,King And Queen County,0.0,0.0,"6,732","6,732",0.0,0.0,0.0,0.0,0.0,2001,2001
475,0.0,0.0,King And Queen County,0.0,0.0,"6,630","6,630",0.0,0.0,0.0,0.0,0.0,2000,2000
476,171.8,390.4,King And Queen County,718.4,0.0,"6,403","6,403",46.9,15.6,"1,140.1",234.3,31.2,1995,1995
477,190.8,206.7,King And Queen County,254.4,0.0,"6,289","6,289",0.0,15.9,492.9,206.7,31.8,1990,1990
478,318.0,518.9,King And Queen County,150.7,0.0,"5,974","5,974",0.0,0.0,686.3,318.0,16.7,1985,1985
479,0.0,0.0,King And Queen County,0.0,0.0,"5,964","5,964",0.0,0.0,0.0,0.0,0.0,1980,1980
480,76.4,249.6,King George County,"2,057.7",0.0,"19,634","19,634",71.3,10.2,"2,449.8",157.9,142.6,2005,2005
481,70.7,217.5,King George County,"1,734.3",10.9,"18,394","18,394",21.7,16.3,"2,098.5",119.6,146.8,2004,2004
482,139.8,184.5,King George County,"1,465.2",5.6,"17,882","17,882",22.4,16.8,"1,783.9",184.5,134.2,2003,2003
483,155.9,392.7,King George County,"1,698.0",5.8,"17,314","17,314",46.2,46.2,"2,287.2",254.1,196.4,2002,2002
484,146.5,521.6,King George County,"1,605.9",11.7,"17,062","17,062",17.6,23.4,"2,262.3",199.3,134.8,2001,2001
485,59.5,309.5,King George County,"1,862.8",11.9,"16,803","16,803",41.7,35.7,"2,273.4",148.8,101.2,2000,2000
486,136.9,339.3,King George County,946.6,0.0,"16,797","16,797",0.0,6.0,"1,411.0",142.9,125.0,1995,1995
487,44.4,273.5,King George County,717.1,0.0,"13,527","13,527",44.4,22.2,"1,049.8",110.9,59.1,1990,1990
488,62.3,400.4,King George County,871.9,8.9,"11,240","11,240",8.9,8.9,"1,370.1",89.0,97.9,1985,1985
489,48.5,679.3,King George County,504.6,19.4,"10,305","10,305",67.9,29.1,"1,213.0",165.0,29.1,1980,1980
490,43.4,147.7,King William County,269.3,0.0,"11,512","11,512",0.0,0.0,460.4,43.4,43.4,2005,2005
491,17.7,106.5,King William County,319.5,0.0,"11,268","11,268",17.7,8.9,505.9,44.4,79.9,2004,2004
492,27.2,117.9,King William County,335.7,9.1,"11,023","11,023",18.1,0.0,489.9,54.4,36.3,2003,2003
493,9.4,207.7,King William County,500.3,9.4,"10,593","10,593",0.0,0.0,717.5,18.9,9.4,2002,2002
494,28.7,76.6,King William County,459.8,0.0,"10,439","10,439",19.2,0.0,593.9,47.9,57.5,2001,2001
495,126.5,340.5,King William County,865.8,0.0,"10,280","10,280",9.7,9.7,"1,313.2",145.9,107.0,2000,2000
496,73.8,377.0,King William County,"1,163.9",0.0,"12,200","12,200",16.4,41.0,"1,631.1",131.1,90.2,1995,1995
497,311.6,210.8,King William County,943.8,0.0,"10,913","10,913",9.2,0.0,"1,227.9",320.7,73.3,1990,1990
498,181.4,372.9,King William County,"1,118.6",0.0,"9,923","9,923",0.0,0.0,"1,562.0",181.4,70.5,1985,1985
499,96.3,289.0,King William County,470.9,0.0,"9,343","9,343",0.0,10.7,845.6,107.0,85.6,1980,1980
500,0.0,299.5,Lancaster County,780.6,9.1,"11,017","11,017",27.2,9.1,"1,125.5",45.4,45.4,2005,2005
501,36.4,445.6,Lancaster County,709.3,0.0,"10,996","10,996",9.1,9.1,"1,191.3",54.6,36.4,2004,2004
502,57.6,460.7,Lancaster County,748.7,0.0,"10,418","10,418",9.6,9.6,"1,295.8",76.8,86.4,2003,2003
503,74.9,336.9,Lancaster County,926.4,0.0,"10,686","10,686",18.7,9.4,"1,319.5",102.9,56.1,2002,2002
504,95.0,360.8,Lancaster County,683.7,28.5,"10,531","10,531",19.0,9.5,"1,130.0",151.9,85.5,2001,2001
505,115.7,395.3,Lancaster County,829.2,0.0,"10,371","10,371",19.3,9.6,"1,263.1",144.6,38.6,2000,2000
506,207.5,345.8,Lancaster County,533.5,0.0,"10,122","10,122",9.9,0.0,889.2,217.3,9.9,1995,1995
507,182.7,314.6,Lancaster County,385.6,0.0,"9,854","9,854",0.0,0.0,720.5,182.7,20.3,1990,1990
508,163.2,448.9,Lancaster County,693.8,20.4,"9,801","9,801",40.8,10.2,"1,173.3",234.7,30.6,1985,1985
509,59.5,465.9,Lancaster County,971.5,0.0,"10,087","10,087",0.0,9.9,"1,467.2",69.4,29.7,1980,1980
510,37.4,346.0,Lee County,907.0,4.7,"21,389","21,389",23.4,28.1,"1,304.4",93.5,51.4,2005,2005
511,118.0,273.8,Lee County,"1,307.5",14.2,"21,186","21,186",18.9,18.9,"1,647.3",169.9,66.1,2004,2004
512,219.8,630.7,Lee County,"1,132.4",9.6,"20,929","20,929",19.1,28.7,"1,825.2",277.1,62.1,2003,2003
513,97.9,839.4,Lee County,"1,296.3",9.3,"21,445","21,445",14.0,23.3,"2,205.6",144.6,69.9,2002,2002
514,80.4,596.2,Lee County,"1,244.4",9.5,"21,135","21,135",0.0,18.9,"1,916.3",108.8,75.7,2001,2001
515,134.5,850.4,Lee County,"1,071.4",14.4,"20,813","20,813",4.8,24.0,"1,960.3",177.8,38.4,2000,2000
516,132.5,173.6,Lee County,219.3,4.6,"21,887","21,887",13.7,4.6,402.1,155.3,9.1,1995,1995
517,175.5,314.1,Lee County,291.0,9.2,"21,647","21,647",4.6,4.6,632.9,194.0,27.7,1990,1990
518,266.4,332.0,Lee County,266.4,8.2,"24,395","24,395",16.4,8.2,647.7,299.2,49.2,1985,1985
519,255.0,413.4,Lee County,351.6,7.7,"25,885","25,885",3.9,42.5,919.5,309.1,154.5,1980,1980
520,42.1,107.0,Loudoun County,"1,214.1",2.5,"201,878","201,878",17.8,22.8,"1,418.7",85.2,97.6,2005,2005
521,41.0,131.7,Loudoun County,"1,215.7",0.5,"185,247","185,247",14.0,19.4,"1,437.5",75.0,90.1,2004,2004
522,90.6,197.2,Loudoun County,"1,501.6",1.2,"169,887","169,887",13.5,23.0,"1,806.5",128.3,107.7,2003,2003
523,141.6,184.1,Loudoun County,"1,695.8",2.8,"141,235","141,235",22.7,29.0,"1,996.7",196.1,116.8,2002,2002
524,135.8,214.1,Loudoun County,"1,732.2",3.6,"139,187","139,187",16.5,23.0,"2,072.0",178.9,125.7,2001,2001
525,125.5,191.1,Loudoun County,"1,701.3",0.0,"137,072","137,072",16.8,17.5,"2,025.2",159.8,132.8,2000,2000
526,106.7,310.9,Loudoun County,"1,869.0",5.8,"86,197","86,197",22.0,16.2,"2,338.8",150.8,158.9,1995,1995
527,136.0,351.9,Loudoun County,"1,684.1",1.5,"67,634","67,634",17.7,11.8,"2,194.2",167.1,158.2,1990,1990
528,135.8,426.4,Loudoun County,"1,260.2",7.6,"52,293","52,293",22.9,15.3,"1,809.0",181.7,122.4,1985,1985
529,87.7,"1,017.9",Loudoun County,"1,871.1",4.3,"46,763","46,763",25.7,23.5,"3,040.9",141.1,151.8,1980,1980
530,43.3,332.0,Louisa County,"1,306.5",3.6,"27,708","27,708",28.9,10.8,"1,689.0",86.6,50.5,2005,2005
531,63.4,220.0,Louisa County,"1,297.8",0.0,"26,814","26,814",29.8,14.9,"1,614.8",108.2,97.0,2004,2004
532,61.8,185.4,Louisa County,900.2,3.9,"25,883","25,883",23.2,19.3,"1,135.9",108.2,50.2,2003,2003
533,48.1,256.5,Louisa County,"1,150.3",4.0,"24,951","24,951",24.0,20.0,"1,482.9",96.2,76.1,2002,2002
534,48.8,504.3,Louisa County,"1,338.1",4.1,"24,588","24,588",28.5,20.3,"1,903.4",101.7,61.0,2001,2001
535,82.6,326.1,Louisa County,796.7,8.3,"24,226","24,226",12.4,12.4,"1,188.8",115.6,66.0,2000,2000
536,70.2,528.8,Louisa County,416.5,0.0,"21,368","21,368",14.0,14.0,"1,099.8",98.3,154.4,1995,1995
537,72.8,244.3,Louisa County,301.5,5.2,"19,237","19,237",31.2,5.2,634.2,114.4,88.4,1990,1990
538,83.8,441.5,Louisa County,380.1,5.6,"17,892","17,892",5.6,5.6,905.4,100.6,83.8,1985,1985
539,94.9,575.1,Louisa County,818.2,11.9,"16,866","16,866",11.9,23.7,"1,458.6",142.3,65.2,1980,1980
540,39.4,118.3,Lunenburg County,335.3,0.0,"10,141","10,141",0.0,9.9,502.9,49.3,49.3,2005,2005
541,39.4,315.1,Lunenburg County,600.6,0.0,"10,156","10,156",0.0,0.0,974.8,39.4,59.1,2004,2004
542,0.0,260.5,Lunenburg County,453.5,0.0,"10,363","10,363",19.3,19.3,800.9,38.6,86.8,2003,2003
543,77.1,356.5,Lunenburg County,501.0,9.6,"10,379","10,379",0.0,9.6,953.8,96.3,96.3,2002,2002
544,107.5,410.6,Lunenburg County,469.3,0.0,"10,228","10,228",9.8,0.0,967.9,117.3,88.0,2001,2001
545,29.8,208.5,Lunenburg County,347.5,9.9,"10,072","10,072",29.8,9.9,625.5,79.4,69.5,2000,2000
546,146.5,207.5,Lunenburg County,158.7,36.6,"8,192","8,192",36.6,12.2,427.2,231.9,61.0,1995,1995
547,72.1,276.3,Lunenburg County,360.4,0.0,"8,325","8,325",48.0,0.0,636.6,120.1,0.0,1990,1990
548,0.0,240.9,Lunenburg County,298.3,11.5,"8,716","8,716",0.0,0.0,539.2,11.5,0.0,1985,1985
549,207.2,368.3,Lunenburg County,506.4,0.0,"8,688","8,688",23.0,23.0,897.8,253.2,23.0,1980,1980
550,90.1,150.1,Madison County,645.5,0.0,"13,324","13,324",0.0,0.0,848.1,90.1,52.5,2005,2005
551,38.0,53.2,Madison County,501.3,0.0,"13,166","13,166",15.2,7.6,569.6,60.8,15.2,2004,2004
552,7.6,38.1,Madison County,312.7,0.0,"13,112","13,112",7.6,7.6,358.5,22.9,7.6,2003,2003
553,7.8,108.5,Madison County,302.3,0.0,"12,900","12,900",23.3,0.0,441.9,31.0,31.0,2002,2002
554,39.3,251.7,Madison County,385.4,0.0,"12,713","12,713",7.9,0.0,715.8,47.2,78.7,2001,2001
555,95.8,159.7,Madison County,559.1,0.0,"12,520","12,520",8.0,0.0,774.8,103.8,55.9,2000,2000
556,64.5,330.8,Madison County,588.9,0.0,"12,396","12,396",24.2,0.0,951.9,88.7,32.3,1995,1995
557,150.6,192.5,Madison County,703.0,0.0,"11,949","11,949",33.5,0.0,937.3,184.1,41.8,1990,1990
558,75.2,611.4,Madison County,799.5,0.0,"10,632","10,632",18.8,0.0,"1,439.1",94.1,28.2,1985,1985
559,138.0,680.0,Madison County,"1,054.5",19.7,"10,147","10,147",9.9,9.9,"1,783.8",177.4,49.3,1980,1980
560,64.1,171.0,Mathews County,801.4,0.0,"9,359","9,359",10.7,10.7,"1,036.4",85.5,64.1,2005,2005
561,32.2,462.0,Mathews County,913.2,10.7,"9,308","9,308",21.5,10.7,"1,439.6",75.2,64.5,2004,2004
562,32.0,224.0,Mathews County,767.9,0.0,"9,376","9,376",0.0,0.0,"1,077.2",32.0,85.3,2003,2003
563,31.6,168.7,Mathews County,790.6,10.5,"9,487","9,487",10.5,10.5,990.8,63.2,31.6,2002,2002
564,53.5,299.5,Mathews County,"1,176.6",0.0,"9,349","9,349",10.7,0.0,"1,540.3",64.2,64.2,2001,2001
565,65.2,293.3,Mathews County,553.9,10.9,"9,207","9,207",21.7,0.0,890.6,97.8,43.4,2000,2000
566,78.2,156.4,Mathews County,357.5,0.0,"8,952","8,952",22.3,0.0,547.4,100.5,33.5,1995,1995
567,59.9,491.1,Mathews County,383.3,12.0,"8,348","8,348",35.9,12.0,958.3,119.8,83.9,1990,1990
568,92.9,116.2,Mathews County,371.8,0.0,"8,607","8,607",0.0,0.0,522.8,92.9,34.9,1985,1985
569,240.0,656.8,Mathews County,277.9,12.6,"7,917","7,917",25.3,12.6,934.7,290.5,0.0,1980,1980
570,171.1,450.8,Mecklenburg County,"1,160.4",4.2,"23,957","23,957",25.0,29.2,"1,769.8",229.6,158.6,2005,2005
571,104.9,394.5,Mecklenburg County,940.1,4.2,"23,827","23,827",50.4,4.2,"1,410.2",163.7,75.5,2004,2004
572,122.6,346.5,Mecklenburg County,"1,069.2",4.2,"23,663","23,663",16.9,59.2,"1,525.6",202.8,109.9,2003,2003
573,144.1,551.7,Mecklenburg County,"1,086.9",8.2,"24,290","24,290",37.1,16.5,"1,753.8",205.8,115.3,2002,2002
574,137.9,388.5,Mecklenburg County,"1,098.8",4.2,"23,936","23,936",16.7,29.2,"1,650.2",188.0,162.9,2001,2001
575,127.3,585.4,Mecklenburg County,"1,204.8",8.5,"23,573","23,573",17.0,38.2,"1,972.6",190.9,182.4,2000,2000
576,163.8,805.4,Mecklenburg County,"1,183.1",18.2,"21,977","21,977",18.2,27.3,"2,038.5",227.5,50.1,1995,1995
577,153.9,865.8,Mecklenburg County,"1,106.3",4.8,"20,790","20,790",19.2,19.2,"2,020.2",197.2,48.1,1990,1990
578,230.6,908.4,Mecklenburg County,932.0,9.4,"21,245","21,245",14.1,4.7,"1,887.5",258.9,47.1,1985,1985
579,167.5,957.4,Mecklenburg County,"1,292.5",19.1,"20,890","20,890",23.9,19.1,"2,249.9",229.8,0.0,1980,1980
580,103.4,169.2,Middlesex County,958.6,0.0,"10,640","10,640",28.2,0.0,"1,240.6",131.6,112.8,2005,2005
581,9.7,126.1,Middlesex County,756.3,0.0,"10,313","10,313",9.7,19.4,930.9,38.8,48.5,2004,2004
582,67.9,368.7,Middlesex County,970.2,0.0,"10,307","10,307",0.0,0.0,"1,368.0",67.9,29.1,2003,2003
583,29.3,342.0,Middlesex County,"1,172.6",0.0,"10,234","10,234",0.0,0.0,"1,553.6",29.3,39.1,2002,2002
584,49.6,168.6,Middlesex County,892.4,0.0,"10,085","10,085",19.8,0.0,"1,130.4",69.4,69.4,2001,2001
585,100.7,251.7,Middlesex County,956.5,0.0,"9,932","9,932",0.0,10.1,"1,248.5",110.8,40.3,2000,2000
586,86.5,724.8,Middlesex County,"1,006.1",0.0,"9,244","9,244",0.0,21.6,"1,893.1",108.2,162.3,1995,1995
587,36.9,418.5,Middlesex County,"1,144.8",24.6,"8,124","8,124",36.9,0.0,"1,624.8",98.5,61.5,1990,1990
588,167.5,760.2,Middlesex County,"1,017.9",0.0,"7,761","7,761",0.0,0.0,"1,881.2",167.5,103.1,1985,1985
589,118.0,707.9,Middlesex County,432.6,0.0,"7,628","7,628",0.0,26.2,"1,219.2",144.2,78.7,1980,1980
590,123.0,596.9,Montgomery County,"1,287.8",3.6,"27,645","27,645",39.8,14.5,"1,985.9",180.9,101.3,2005,2005
591,128.3,463.2,Montgomery County,"1,304.0",3.6,"28,068","28,068",46.3,7.1,"1,895.4",185.3,128.3,2004,2004
592,74.8,541.5,Montgomery County,"1,247.0",0.0,"28,068","28,068",28.5,10.7,"1,931.0",114.0,142.5,2003,2003
593,82.3,486.9,Montgomery County,"1,120.5",3.6,"27,933","27,933",21.5,7.2,"1,696.9",114.6,89.5,2002,2002
594,90.8,490.4,Montgomery County,"1,267.8",0.0,"27,527","27,527",40.0,7.3,"1,896.3",138.0,138.0,2001,2001
595,125.4,575.5,Montgomery County,"1,479.2",0.0,"27,109","27,109",25.8,11.1,"2,394.0",162.3,339.4,2000,2000
596,68.8,640.9,Montgomery County,"1,221.5",8.6,"23,250","23,250",30.1,0.0,"1,952.7",107.5,90.3,1995,1995
597,37.0,785.4,Montgomery County,"1,365.2",4.1,"24,319","24,319",37.0,12.3,"2,286.3",90.5,135.7,1990,1990
598,173.5,329.2,Montgomery County,925.4,0.0,"22,477","22,477",31.1,13.3,"1,330.2",218.0,75.6,1985,1985
599,66.7,711.3,Montgomery County,893.6,13.3,"22,494","22,494",8.9,22.2,"1,716.0",111.1,111.1,1980,1980
600,99.2,357.2,Nelson County,"1,375.9",6.6,"15,117","15,117",13.2,6.6,"1,805.9",125.7,72.8,2005,2005
601,66.3,344.6,Nelson County,"1,073.5",13.3,"15,091","15,091",6.6,13.3,"1,550.6",99.4,132.5,2004,2004
602,73.8,214.6,Nelson County,905.2,0.0,"14,914","14,914",33.5,6.7,"1,287.4",114.0,167.6,2003,2003
603,87.3,638.3,Nelson County,893.6,0.0,"14,884","14,884",26.9,6.7,"1,639.3",120.9,107.5,2002,2002
604,95.4,525.0,Nelson County,845.4,13.6,"14,668","14,668",13.6,20.5,"1,506.7",143.2,136.4,2001,2001
605,110.8,422.3,Nelson County,969.2,6.9,"14,445","14,445",20.8,6.9,"1,495.3",145.4,103.8,2000,2000
606,22.2,170.5,Nelson County,400.2,0.0,"13,492","13,492",0.0,0.0,600.4,22.2,29.6,1995,1995
607,78.3,289.6,Nelson County,344.3,15.7,"12,778","12,778",0.0,0.0,641.7,93.9,7.8,1990,1990
608,16.1,329.2,Nelson County,457.6,8.0,"12,455","12,455",48.2,0.0,786.8,72.3,0.0,1985,1985
609,32.8,475.2,Nelson County,639.0,0.0,"12,206","12,206",8.2,0.0,"1,122.4",41.0,8.2,1980,1980
610,76.1,304.3,New Kent County,"1,007.9",0.0,"15,776","15,776",31.7,6.3,"1,419.9",114.1,107.8,2005,2005
611,40.0,280.2,New Kent County,"1,180.7",0.0,"14,991","14,991",0.0,20.0,"1,507.6",60.0,46.7,2004,2004
612,104.6,209.2,New Kent County,"1,185.7",0.0,"14,337","14,337",0.0,7.0,"1,436.8",111.6,41.8,2003,2003
613,115.3,353.3,New Kent County,"1,369.8",7.2,"13,871","13,871",7.2,0.0,"1,845.6",129.8,122.6,2002,2002
614,102.4,285.3,New Kent County,"1,389.9",7.3,"13,670","13,670",29.3,14.6,"1,755.7",153.6,80.5,2001,2001
615,118.9,222.8,New Kent County,"1,233.1",7.4,"13,462","13,462",22.3,0.0,"1,515.4",148.6,59.4,2000,2000
616,131.7,526.8,New Kent County,"1,518.9",0.0,"11,390","11,390",52.7,26.3,"2,344.2",210.7,298.5,1995,1995
617,153.2,478.7,New Kent County,"1,474.4",9.6,"10,445","10,445",76.6,38.3,"2,087.1",277.6,134.0,1990,1990
618,372.9,514.0,New Kent County,574.4,10.1,"9,923","9,923",20.2,60.5,"1,219.4",463.6,131.0,1985,1985
619,58.4,713.0,New Kent County,350.7,0.0,"8,555","8,555",11.7,0.0,"1,168.9",70.1,105.2,1980,1980
620,110.4,671.4,Northampton County,"1,425.5",9.2,"10,873","10,873",27.6,101.2,"2,142.9",248.3,46.0,2005,2005
621,202.8,847.9,Northampton County,"1,465.4",9.2,"10,850","10,850",9.2,73.7,"2,442.4",294.9,129.0,2004,2004
622,66.2,520.3,Northampton County,"1,220.3",0.0,"10,571","10,571",47.3,56.8,"1,816.3",170.3,75.7,2003,2003
623,116.6,600.8,Northampton County,"1,273.4",0.0,"11,151","11,151",0.0,80.7,"2,017.8",197.3,143.5,2002,2002
624,182.0,591.4,Northampton County,"1,401.3",0.0,"10,990","10,990",18.2,45.5,"2,120.1",245.7,127.4,2001,2001
625,166.3,545.1,Northampton County,"1,321.3",27.7,"10,823","10,823",37.0,37.0,"1,940.3",267.9,73.9,2000,2000
626,123.8,828.3,Northampton County,"2,199.2",28.6,"10,504","10,504",19.0,76.2,"3,198.8",247.5,171.4,1995,1995
627,189.6,957.5,Northampton County,"1,384.1",9.5,"10,548","10,548",37.9,47.4,"2,427.0",284.4,85.3,1990,1990
628,8.7,951.1,Northampton County,759.2,26.2,"11,460","11,460",17.5,34.9,"1,771.4",87.3,61.1,1985,1985
629,117.7,"1,227.1",Northampton County,"1,126.2",8.4,"11,898","11,898",25.2,25.2,"2,454.2",176.5,100.9,1980,1980
630,99.8,353.0,Northumerland County,882.6,15.3,"13,030","13,030",15.3,0.0,"1,289.3",130.5,53.7,2005,2005
631,54.6,265.2,Northumerland County,"1,162.2",15.6,"12,820","12,820",0.0,7.8,"1,521.1",78.0,93.6,2004,2004
632,71.8,398.7,Northumerland County,"1,172.2",0.0,"12,540","12,540",31.9,15.9,"1,674.6",119.6,103.7,2003,2003
633,119.2,619.9,Northumerland County,"1,255.8",0.0,"12,582","12,582",55.6,7.9,"2,002.9",182.8,127.2,2002,2002
634,24.2,225.8,Northumerland County,838.8,0.0,"12,399","12,399",8.1,0.0,"1,104.9",32.3,40.3,2001,2001
635,16.4,229.3,Northumerland County,393.1,8.2,"12,211","12,211",8.2,0.0,679.7,32.8,57.3,2000,2000
636,62.7,672.0,Northumerland County,"1,138.0",9.0,"11,160","11,160",9.0,0.0,"1,881.7",80.6,71.7,1995,1995
637,47.8,373.0,Northumerland County,841.5,9.6,"10,457","10,457",0.0,0.0,"1,224.1",57.4,9.6,1990,1990
638,30.1,521.4,Northumerland County,752.0,0.0,"9,974","9,974",10.0,10.0,"1,313.4",50.1,40.1,1985,1985
639,81.3,416.8,Northumerland County,915.0,10.2,"9,836","9,836",10.2,0.0,"1,331.8",101.7,0.0,1980,1980
640,170.7,320.1,Nottoway County,704.2,21.3,"9,372","9,372",42.7,21.3,"1,141.7",256.1,117.4,2005,2005
641,64.4,182.6,Nottoway County,708.8,0.0,"9,312","9,312",10.7,0.0,"1,095.4",75.2,204.0,2004,2004
642,94.9,168.7,Nottoway County,421.7,0.0,"9,486","9,486",10.5,0.0,611.4,105.4,21.1,2003,2003
643,95.1,200.8,Nottoway County,454.4,0.0,"9,462","9,462",74.0,0.0,697.5,169.1,42.3,2002,2002
644,32.2,139.4,Nottoway County,600.6,0.0,"9,324","9,324",10.7,0.0,847.3,42.9,107.3,2001,2001
645,76.2,163.3,Nottoway County,609.8,10.9,"9,183","9,183",21.8,10.9,805.8,119.8,32.7,2000,2000
646,123.3,313.9,Nottoway County,717.5,11.2,"8,920","8,920",22.4,11.2,"1,098.7",168.2,67.3,1995,1995
647,115.1,218.8,Nottoway County,967.2,11.5,"8,685","8,685",0.0,11.5,"1,232.0",138.2,46.1,1990,1990
648,384.0,640.0,Nottoway County,972.9,12.8,"7,812","7,812",12.8,0.0,"1,625.7",409.6,12.8,1985,1985
649,276.6,760.5,Nottoway County,979.5,11.5,"8,678","8,678",34.6,0.0,"1,786.1",322.7,46.1,1980,1980
650,38.4,175.1,Orange County,529.7,8.5,"23,411","23,411",21.4,8.5,743.2,76.9,38.4,2005,2005
651,31.2,129.3,Orange County,503.6,0.0,"22,437","22,437",17.8,0.0,695.3,49.0,62.4,2004,2004
652,45.8,187.9,Orange County,508.8,0.0,"21,818","21,818",0.0,13.8,806.7,59.6,110.0,2003,2003
653,38.3,220.2,Orange County,608.0,0.0,"20,887","20,887",43.1,0.0,876.1,81.4,47.9,2002,2002
654,48.6,140.9,Orange County,262.4,0.0,"20,583","20,583",14.6,4.9,471.3,68.0,68.0,2001,2001
655,34.6,93.8,Orange County,108.6,4.9,"20,260","20,260",14.8,4.9,232.0,59.2,29.6,2000,2000
656,293.6,250.9,Orange County,688.7,10.7,"18,730","18,730",10.7,5.3,987.7,320.3,48.1,1995,1995
657,51.5,154.4,Orange County,566.1,0.0,"17,488","17,488",22.9,11.4,829.1,85.8,108.6,1990,1990
658,33.8,777.8,Orange County,480.2,0.0,"14,785","14,785",20.3,6.8,"1,291.8",60.9,33.8,1985,1985
659,143.3,694.9,Orange County,"1,339.6",35.8,"13,959","13,959",35.8,28.7,"2,056.0",243.6,21.5,1980,1980
660,100.8,510.5,Page County,"1,140.8",0.0,"15,866","15,866",12.6,6.3,"1,739.6",119.8,88.2,2005,2005
661,64.0,159.9,Page County,428.5,6.4,"15,636","15,636",19.2,6.4,614.0,95.9,25.6,2004,2004
662,51.7,148.8,Page County,523.9,0.0,"15,462","15,462",32.3,6.5,685.6,90.5,12.9,2003,2003
663,64.3,475.5,Page County,700.5,0.0,"15,561","15,561",57.8,0.0,"1,266.0",122.1,90.0,2002,2002
664,117.4,599.9,Page County,691.2,0.0,"15,336","15,336",19.6,0.0,"1,375.8",136.9,84.8,2001,2001
665,112.6,211.9,Page County,536.4,0.0,"15,102","15,102",19.9,6.6,788.0,139.1,39.7,2000,2000
666,96.2,398.7,Page County,604.9,13.7,"14,549","14,549",13.7,0.0,"1,031.0",123.7,27.5,1995,1995
667,116.8,445.1,Page County,452.4,0.0,"13,704","13,704",14.6,0.0,919.4,131.3,21.9,1990,1990
668,76.0,866.9,Page County,"1,064.6",7.6,"13,150","13,150",30.4,0.0,"1,954.4",114.1,22.8,1985,1985
669,96.6,830.8,Page County,917.8,0.0,"10,351","10,351",19.3,9.7,"1,825.9",125.6,77.3,1980,1980
670,41.0,368.9,Patrick County,"1,065.7",5.1,"19,517","19,517",15.4,5.1,"1,629.3",66.6,194.7,2005,2005
671,51.6,547.2,Patrick County,"1,151.1",10.3,"19,373","19,373",20.6,36.1,"1,837.6",118.7,139.4,2004,2004
672,121.8,690.3,Patrick County,974.5,0.0,"19,703","19,703",10.2,10.2,"1,847.4",142.1,182.7,2003,2003
673,120.0,560.1,Patrick County,"1,130.2",0.0,"19,996","19,996",40.0,15.0,"1,970.4",175.0,280.1,2002,2002
674,60.9,573.4,Patrick County,"1,202.7",0.0,"19,706","19,706",101.5,20.3,"2,060.3",182.7,284.2,2001,2001
675,92.8,633.8,Patrick County,943.0,0.0,"19,407","19,407",0.0,20.6,"1,911.7",113.4,334.9,2000,2000
676,89.9,668.7,Patrick County,"1,123.9",5.6,"17,795","17,795",5.6,0.0,"1,916.3",101.2,123.6,1995,1995
677,131.6,858.5,Patrick County,"1,613.9",17.2,"17,473","17,473",17.2,5.7,"2,535.3",171.7,63.0,1990,1990
678,61.4,602.6,Patrick County,"1,021.0",5.6,"17,923","17,923",0.0,5.6,"1,701.7",72.5,78.1,1985,1985
679,40.0,777.2,Patrick County,920.1,0.0,"17,498","17,498",17.1,5.7,"1,708.8",62.9,11.4,1980,1980
680,61.2,210.8,Pittsylvania County,435.3,5.1,"58,812","58,812",18.7,25.5,702.2,110.5,56.1,2005,2005
681,73.6,318.3,Pittsylvania County,395.3,1.7,"58,441","58,441",15.4,12.0,775.1,102.7,61.6,2004,2004
682,88.6,315.3,Pittsylvania County,298.2,5.1,"58,682","58,682",22.2,15.3,669.7,131.2,56.2,2003,2003
683,75.5,298.5,Pittsylvania County,305.2,10.1,"59,633","59,633",18.4,20.1,633.9,124.1,30.2,2002,2002
684,93.6,289.3,Pittsylvania County,297.8,8.5,"58,767","58,767",13.6,10.2,636.4,125.9,49.3,2001,2001
685,101.9,267.8,Pittsylvania County,281.6,5.2,"57,874","57,874",25.9,19.0,611.7,152.1,62.2,2000,2000
686,59.1,356.7,Pittsylvania County,736.3,3.8,"52,423","52,423",21.0,1.9,"1,146.4",85.8,53.4,1995,1995
687,98.7,439.3,Pittsylvania County,894.2,15.5,"51,668","51,668",15.5,15.5,"1,374.2",145.2,40.6,1990,1990
688,45.9,402.1,Pittsylvania County,726.7,1.6,"63,166","63,166",20.6,9.5,"1,150.9",77.6,22.2,1985,1985
689,71.5,684.3,Pittsylvania County,"1,154.0",6.5,"61,524","61,524",9.8,9.8,"1,865.9",97.5,27.6,1980,1980
690,30.5,213.4,Powhatan County,575.5,0.0,"26,239","26,239",15.2,3.8,884.2,49.5,95.3,2005,2005
691,8.0,192.8,Powhatan County,646.7,0.0,"24,894","24,894",4.0,8.0,940.0,20.1,100.4,2004,2004
692,20.6,164.6,Powhatan County,650.2,0.0,"24,302","24,302",4.1,12.3,901.2,37.0,86.4,2003,2003
693,17.3,221.2,Powhatan County,698.3,4.3,"23,057","23,057",4.3,0.0,993.2,26.0,73.7,2002,2002
694,22.0,193.6,Powhatan County,620.5,4.4,"22,722","22,722",22.0,13.2,893.4,61.6,79.2,2001,2001
695,17.9,151.9,Powhatan County,777.6,4.5,"22,377","22,377",26.8,0.0,"1,018.9",49.2,89.4,2000,2000
696,27.3,267.6,Powhatan County,600.6,0.0,"18,314","18,314",16.4,0.0,922.8,43.7,54.6,1995,1995
697,32.6,274.0,Powhatan County,515.4,6.5,"15,328","15,328",0.0,6.5,887.3,45.7,97.9,1990,1990
698,36.3,319.5,Powhatan County,348.6,0.0,"13,771","13,771",21.8,14.5,675.3,72.6,7.3,1985,1985
699,54.5,459.0,Powhatan County,513.5,0.0,"12,854","12,854",15.6,0.0,"1,034.7",70.0,62.2,1980,1980
700,107.2,100.0,Prince Edward County,135.7,7.1,"13,999","13,999",7.1,28.6,235.7,150.0,0.0,2005,2005
701,65.0,14.4,Prince Edward County,72.2,0.0,"13,844","13,844",43.3,0.0,86.7,108.4,0.0,2004,2004
702,50.6,14.4,Prince Edward County,28.9,0.0,"13,842","13,842",7.2,0.0,43.3,57.8,0.0,2003,2003
703,109.0,43.6,Prince Edward County,65.4,14.5,"13,758","13,758",7.3,7.3,152.6,138.1,43.6,2002,2002
704,44.3,7.4,Prince Edward County,103.3,22.1,"13,557","13,557",14.8,7.4,118.0,88.5,7.4,2001,2001
705,37.4,7.5,Prince Edward County,22.5,30.0,"13,352","13,352",7.5,30.0,37.4,104.9,7.5,2000,2000
706,150.4,492.8,Prince Edward County,609.8,0.0,"11,972","11,972",0.0,0.0,"1,136.0",150.4,33.4,1995,1995
707,88.7,354.8,Prince Edward County,425.8,0.0,"11,274","11,274",0.0,0.0,816.0,88.7,35.5,1990,1990
708,48.0,278.6,Prince Edward County,557.2,9.6,"10,410","10,410",0.0,9.6,874.2,67.2,38.4,1985,1985
709,159.4,262.5,Prince Edward County,431.3,18.8,"10,665","10,665",28.1,0.0,731.4,206.3,37.5,1980,1980
710,57.5,284.4,Prince George County,836.0,2.9,"34,808","34,808",17.2,25.9,"1,215.2",103.4,94.8,2005,2005
711,75.0,60.6,Prince George County,891.9,2.9,"34,646","34,646",34.6,37.5,"1,056.4",150.1,103.9,2004,2004
712,63.6,196.7,Prince George County,"1,116.6",2.9,"34,569","34,569",17.4,40.5,"1,365.4",124.4,52.1,2003,2003
713,70.5,279.0,Prince George County,"1,154.2",2.9,"34,051","34,051",17.6,32.3,"1,547.7",123.3,114.5,2002,2002
714,44.7,160.9,Prince George County,"1,183.1",3.0,"33,557","33,557",20.9,35.8,"1,445.3",104.3,101.3,2001,2001
715,93.8,190.6,Prince George County,986.5,6.1,"33,047","33,047",18.2,12.1,"1,258.8",130.1,81.7,2000,2000
716,64.8,376.5,Prince George County,"1,226.8",0.0,"24,699","24,699",16.2,16.2,"1,676.2",97.2,72.9,1995,1995
717,0.0,0.0,Prince George County,0.0,0.0,0,0,0.0,0.0,0.0,0.0,0.0,1990,1990
718,0.0,0.0,Prince George County,0.0,0.0,0,0,0.0,0.0,0.0,0.0,0.0,1985,1985
719,0.0,0.0,Prince George County,0.0,0.0,0,0,0.0,0.0,0.0,0.0,0.0,1980,1980
720,103.0,344.5,Prince William County,"1,737.2",3.0,"334,094","334,094",5.1,74.5,"2,266.1",185.6,184.4,2005,2005
721,94.3,328.7,Prince William County,"1,858.8",1.6,"321,226","321,226",9.0,65.1,"2,447.8",170.0,260.3,2004,2004
722,97.9,313.5,Prince William County,"1,783.7",3.9,"308,464","308,464",10.0,63.5,"2,349.7",175.4,252.5,2003,2003
723,129.8,357.8,Prince William County,"2,033.8",1.8,"281,991","281,991",15.2,67.4,"2,637.0",214.2,245.4,2002,2002
724,129.2,393.3,Prince William County,"2,085.6",4.7,"277,899","277,899",20.9,62.3,"2,740.2",217.0,261.2,2001,2001
725,111.1,331.4,Prince William County,"2,013.3",2.2,"273,677","273,677",24.5,64.7,"2,582.2",202.4,237.5,2000,2000
726,150.0,600.4,Prince William County,"2,966.4",5.1,"236,011","236,011",30.9,83.9,"3,826.1",269.9,259.3,1995,1995
727,122.9,533.8,Prince William County,"2,712.9",4.3,"210,734","210,734",28.5,63.1,"3,511.1",218.8,264.3,1990,1990
728,101.8,718.2,Prince William County,"2,199.0",3.1,"162,077","162,077",21.0,59.2,"3,145.4",185.1,228.3,1985,1985
729,73.2,"1,006.9",Prince William County,"2,648.9",0.7,"140,626","140,626",25.6,64.7,"3,943.1",164.3,287.3,1980,1980
730,99.6,340.3,Pulaski County,"2,058.2",0.0,"24,099","24,099",16.6,20.7,"2,452.4",136.9,53.9,2005,2005
731,83.8,58.7,Pulaski County,"1,630.3",0.0,"23,861","23,861",12.6,4.2,"1,722.5",100.6,33.5,2004,2004
732,92.2,314.4,Pulaski County,"1,551.0",0.0,"23,855","23,855",21.0,16.8,"1,899.0",130.0,33.5,2003,2003
733,66.5,369.7,Pulaski County,"1,246.1",0.0,"24,076","24,076",12.5,0.0,"1,690.5",78.9,74.8,2002,2002
734,46.4,585.8,Pulaski County,"1,492.0",8.4,"23,727","23,727",33.7,16.9,"2,166.3",105.4,88.5,2001,2001
735,98.4,372.3,Pulaski County,"1,416.6",8.6,"23,366","23,366",8.6,12.8,"1,823.2",128.4,34.2,2000,2000
736,82.9,309.6,Pulaski County,"1,007.3",4.4,"22,933","22,933",26.2,13.1,"1,356.1",126.5,39.2,1995,1995
737,62.2,466.7,Pulaski County,"1,471.2",8.9,"22,499","22,499",31.1,4.4,"2,062.3",106.7,124.4,1990,1990
738,39.7,684.0,Pulaski County,"1,407.8",0.0,"22,660","22,660",30.9,17.7,"2,171.2",88.3,79.4,1985,1985
739,105.9,873.6,Pulaski County,"2,113.3",4.4,"22,666","22,666",4.4,52.9,"3,141.3",167.7,154.4,1980,1980
740,0.0,165.0,Rappahannock County,398.7,0.0,"7,274","7,274",0.0,0.0,632.4,0.0,68.7,2005,2005
741,13.9,236.7,Rappahannock County,487.4,0.0,"7,181","7,181",13.9,0.0,821.6,27.9,97.5,2004,2004
742,13.7,109.6,Rappahannock County,274.0,13.7,"7,298","7,298",0.0,0.0,383.7,27.4,0.0,2003,2003
743,27.8,111.2,Rappahannock County,430.9,0.0,"7,195","7,195",41.7,13.9,542.0,83.4,0.0,2002,2002
744,28.2,197.4,Rappahannock County,465.4,14.1,"7,091","7,091",0.0,0.0,719.2,42.3,56.4,2001,2001
745,14.3,443.9,Rappahannock County,759.0,0.0,"6,983","6,983",0.0,0.0,"1,245.9",14.3,43.0,2000,2000
746,98.8,183.5,Rappahannock County,592.8,0.0,"7,085","7,085",0.0,0.0,846.9,98.8,70.6,1995,1995
747,75.5,377.5,Rappahannock County,724.9,0.0,"6,622","6,622",30.2,15.1,"1,147.7",120.8,45.3,1990,1990
748,32.4,307.6,Rappahannock County,518.1,0.0,"6,177","6,177",0.0,0.0,841.8,32.4,16.2,1985,1985
749,0.0,696.7,Rappahannock County,779.7,16.6,"6,028","6,028",0.0,0.0,"1,542.8",16.6,66.4,1980,1980
750,323.3,155.2,Richmond County,530.2,0.0,"7,733","7,733",12.9,0.0,750.0,336.2,64.7,2005,2005
751,103.9,129.8,Richmond County,415.4,26.0,"7,703","7,703",0.0,0.0,597.2,129.8,51.9,2004,2004
752,39.6,52.8,Richmond County,343.5,0.0,"7,570","7,570",26.4,13.2,515.2,79.3,118.9,2003,2003
753,52.2,39.2,Richmond County,169.7,0.0,"7,659","7,659",26.1,13.1,287.2,91.4,78.3,2002,2002
754,79.5,145.7,Richmond County,384.2,13.2,"7,549","7,549",0.0,0.0,609.4,92.7,79.5,2001,2001
755,67.3,188.3,Richmond County,443.9,0.0,"7,434","7,434",26.9,26.9,686.0,121.1,53.8,2000,2000
756,76.1,380.6,Richmond County,700.4,0.0,"6,568","6,568",0.0,76.1,"1,278.9",152.3,197.9,1995,1995
757,79.2,285.2,Richmond County,475.3,0.0,"6,312","6,312",15.8,0.0,823.8,95.1,63.4,1990,1990
758,33.0,247.7,Richmond County,561.4,0.0,"6,056","6,056",0.0,16.5,825.6,49.5,16.5,1985,1985
759,14.6,218.3,Richmond County,203.8,0.0,"6,871","6,871",0.0,0.0,465.7,14.6,43.7,1980,1980
760,219.5,314.5,Roanoke County,"1,000.1",1.2,"81,090","81,090",25.9,14.8,"1,396.0",261.4,81.4,2005,2005
761,217.7,228.9,Roanoke County,"1,016.5",1.2,"80,372","80,372",21.2,7.5,"1,368.6",247.6,123.2,2004,2004
762,215.7,311.6,Roanoke County,"1,125.4",1.3,"79,263","79,263",16.4,20.2,"1,559.4",253.6,122.4,2003,2003
763,187.9,262.5,Roanoke County,990.5,7.5,"80,366","80,366",31.1,13.7,"1,357.5",240.2,104.5,2002,2002
764,190.7,262.6,Roanoke County,976.0,0.0,"79,200","79,200",26.5,20.2,"1,333.3",237.4,94.7,2001,2001
765,189.8,180.8,Roanoke County,"1,007.7",1.3,"77,996","77,996",19.2,14.1,"1,273.1",224.4,84.6,2000,2000
766,118.5,312.5,Roanoke County,"1,505.9",1.3,"74,243","74,243",24.2,28.3,"1,895.1",172.4,76.8,1995,1995
767,145.1,415.8,Roanoke County,"1,931.2",2.8,"71,667","71,667",11.2,27.9,"2,451.6",187.0,104.7,1990,1990
768,0.0,0.0,Roanoke County,0.0,0.0,0,0,0.0,0.0,0.0,0.0,0.0,1985,1985
769,0.0,0.0,Roanoke County,0.0,0.0,0,0,0.0,0.0,0.0,0.0,0.0,1980,1980
770,29.5,181.8,Rockbridge County,"1,031.7",0.0,"20,355","20,355",24.6,9.8,"1,247.9",63.9,34.4,2005,2005
771,29.8,307.7,Rockbridge County,"1,146.5",0.0,"20,148","20,148",39.7,0.0,"1,508.8",69.5,54.6,2004,2004
772,0.0,0.0,Rockbridge County,0.0,0.0,"20,005","20,005",0.0,0.0,0.0,0.0,0.0,2003,2003
773,9.8,34.4,Rockbridge County,127.7,0.0,"20,364","20,364",4.9,0.0,181.7,14.7,19.6,2002,2002
774,74.7,363.8,Rockbridge County,817.3,0.0,"20,067","20,067",44.8,19.9,"1,235.9",139.5,54.8,2001,2001
775,70.8,207.5,Rockbridge County,900.7,10.1,"19,762","19,762",35.4,30.4,"1,234.7",146.7,126.5,2000,2000
776,31.2,442.2,Rockbridge County,"1,623.1",10.4,"19,222","19,222",15.6,5.2,"2,127.8",62.4,62.4,1995,1995
777,81.7,566.8,Rockbridge County,"2,038.1",0.0,"18,350","18,350",10.9,5.4,"2,643.1",98.1,38.1,1990,1990
778,21.8,452.9,Rockbridge County,"1,151.2",5.5,"18,328","18,328",0.0,10.9,"1,642.3",38.2,38.2,1985,1985
779,151.0,883.8,Rockbridge County,"2,080.8",5.6,"17,878","17,878",5.6,0.0,"3,014.9",162.2,50.3,1980,1980
780,23.2,196.3,Rockingham County,374.7,0.0,"56,038","56,038",17.8,1.8,594.2,42.8,23.2,2005,2005
781,21.8,219.8,Rockingham County,392.3,1.8,"55,058","55,058",18.2,1.8,648.4,43.6,36.3,2004,2004
782,27.4,230.3,Rockingham County,382.0,0.0,"54,712","54,712",27.4,1.8,647.0,56.7,34.7,2003,2003
783,23.8,133.4,Rockingham County,263.2,1.8,"54,708","54,708",21.9,5.5,420.4,53.0,23.8,2002,2002
784,22.3,163.2,Rockingham County,311.6,1.9,"53,913","53,913",13.0,5.6,504.5,42.7,29.7,2001,2001
785,13.2,192.1,Rockingham County,363.5,1.9,"53,095","53,095",9.4,3.8,572.6,28.3,17.0,2000,2000
786,7.7,254.2,Rockingham County,537.4,5.8,"51,918","51,918",13.5,1.9,805.1,28.9,13.5,1995,1995
787,26.4,168.5,Rockingham County,444.6,2.0,"49,253","49,253",8.1,4.1,627.4,40.6,14.2,1990,1990
788,31.4,267.7,Rockingham County,409.9,2.1,"47,814","47,814",23.0,2.1,686.0,58.6,8.4,1985,1985
789,49.3,384.5,Rockingham County,702.0,2.0,"50,715","50,715",15.8,15.8,"1,102.2",82.8,15.8,1980,1980
790,136.6,506.2,Russell County,879.9,0.0,"24,889","24,889",4.0,24.1,"1,538.8",164.7,152.7,2005,2005
791,145.4,307.0,Russell County,969.5,4.0,"24,755","24,755",32.3,32.3,"1,413.9",214.1,137.3,2004,2004
792,12.0,437.6,Russell County,646.4,0.0,"24,909","24,909",8.0,8.0,"1,176.3",28.1,92.3,2003,2003
793,15.0,277.6,Russell County,889.0,3.8,"26,658","26,658",7.5,0.0,"1,252.9",26.3,86.3,2002,2002
794,7.6,266.4,Russell County,658.5,0.0,"26,273","26,273",11.4,11.4,978.2,30.4,53.3,2001,2001
795,61.8,201.0,Russell County,282.1,0.0,"25,874","25,874",7.7,0.0,541.1,69.6,58.0,2000,2000
796,12.1,152.7,Russell County,204.9,0.0,"24,890","24,890",0.0,0.0,413.8,12.1,56.2,1995,1995
797,37.0,156.2,Russell County,304.1,8.2,"24,331","24,331",4.1,8.2,530.2,57.5,69.9,1990,1990
798,0.0,258.0,Russell County,205.0,0.0,"28,295","28,295",0.0,0.0,494.8,0.0,31.8,1985,1985
799,92.0,343.1,Russell County,332.5,3.5,"28,268","28,268",3.5,17.7,792.4,116.7,116.7,1980,1980
800,115.6,452.3,Scott County,"1,301.7",5.0,"19,897","19,897",25.1,25.1,"1,904.8",170.9,150.8,2005,2005
801,136.3,408.9,Scott County,"1,418.4",0.0,"19,811","19,811",30.3,35.3,"1,963.6",201.9,136.3,2004,2004
802,120.2,585.9,Scott County,"1,046.7",10.0,"19,968","19,968",20.0,10.0,"1,732.8",160.3,100.2,2003,2003
803,97.5,365.6,Scott County,"1,189.3",4.9,"20,516","20,516",24.4,9.7,"1,647.5",136.5,92.6,2002,2002
804,74.2,489.7,Scott County,"1,360.2",4.9,"20,218","20,218",14.8,4.9,"1,953.7",98.9,103.9,2001,2001
805,100.4,180.8,Scott County,547.4,15.1,"19,911","19,911",20.1,5.0,763.4,140.6,35.2,2000,2000
806,132.7,398.2,Scott County,816.8,10.2,"19,588","19,588",30.6,5.1,"1,312.0",178.7,97.0,1995,1995
807,122.4,535.4,Scott County,622.0,10.2,"19,613","19,613",20.4,20.4,"1,218.6",173.4,61.2,1990,1990
808,64.8,384.4,Scott County,402.9,13.9,"21,593","21,593",0.0,9.3,861.4,88.0,74.1,1985,1985
809,8.0,600.5,Scott County,500.4,0.0,"24,981","24,981",4.0,12.0,"1,200.9",24.0,100.1,1980,1980
810,62.3,58.4,Shenandoah County,697.0,0.0,"25,682","25,682",3.9,0.0,841.1,66.2,85.7,2005,2005
811,72.3,132.6,Shenandoah County,614.9,4.0,"24,883","24,883",4.0,4.0,803.8,84.4,56.3,2004,2004
812,57.8,268.4,Shenandoah County,532.7,0.0,"24,215","24,215",4.1,0.0,863.1,61.9,61.9,2003,2003
813,50.7,219.5,Shenandoah County,628.9,0.0,"23,691","23,691",8.4,0.0,920.2,59.1,71.8,2002,2002
814,68.5,449.8,Shenandoah County,723.9,0.0,"23,346","23,346",8.6,4.3,"1,229.3",81.4,55.7,2001,2001
815,91.3,365.3,Shenandoah County,804.6,0.0,"22,992","22,992",13.0,4.3,"1,252.6",108.7,82.6,2000,2000
816,4.6,267.7,Shenandoah County,960.0,0.0,"21,666","21,666",4.6,0.0,"1,264.7",9.2,36.9,1995,1995
817,43.2,278.7,Shenandoah County,451.6,4.8,"20,814","20,814",0.0,0.0,763.9,48.0,33.6,1990,1990
818,10.1,424.7,Shenandoah County,546.1,0.0,"19,778","19,778",0.0,0.0,991.0,10.1,20.2,1985,1985
819,19.8,619.0,Shenandoah County,505.1,0.0,"20,194","20,194",0.0,0.0,"1,163.7",19.8,39.6,1980,1980
820,47.8,217.1,Smyth County,"1,198.2",30.4,"23,034","23,034",47.8,0.0,"1,502.1",125.9,86.8,2005,2005
821,52.1,269.0,Smyth County,"1,175.9",8.7,"23,046","23,046",30.4,4.3,"1,544.7",95.5,99.8,2004,2004
822,47.4,301.8,Smyth County,"1,000.3",0.0,"23,192","23,192",38.8,0.0,"1,405.7",86.2,103.5,2003,2003
823,76.1,308.5,Smyth County,"1,026.9",16.9,"23,663","23,663",38.0,0.0,"1,398.8",131.0,63.4,2002,2002
824,72.9,385.9,Smyth County,969.1,4.3,"23,320","23,320",51.5,0.0,"1,432.2",128.6,77.2,2001,2001
825,56.6,283.0,Smyth County,683.6,4.4,"22,966","22,966",13.1,0.0,"1,053.7",74.0,87.1,2000,2000
826,66.5,177.4,Smyth County,784.8,8.9,"22,553","22,553",13.3,4.4,"1,046.4",93.1,84.2,1995,1995
827,193.2,354.2,Smyth County,529.0,0.0,"21,738","21,738",0.0,13.8,920.0,207.0,36.8,1990,1990
828,153.3,249.7,Smyth County,359.3,17.5,"22,825","22,825",13.1,4.4,644.0,188.4,35.0,1985,1985
829,118.5,688.8,Smyth County,838.0,8.8,"22,792","22,792",8.8,8.8,"1,583.9",144.8,57.0,1980,1980
830,125.3,400.9,Southampton County,"1,421.8",0.0,"15,966","15,966",18.8,25.1,"2,004.3",169.1,181.6,2005,2005
831,82.4,253.6,Southampton County,"1,458.2",0.0,"15,773","15,773",19.0,19.0,"1,851.3",120.5,139.5,2004,2004
832,126.6,329.0,Southampton County,"1,195.9",12.7,"15,804","15,804",0.0,19.0,"1,645.2",158.2,120.2,2003,2003
833,74.7,410.8,Southampton County,"1,170.1",0.0,"16,067","16,067",12.4,6.2,"1,773.8",93.4,192.9,2002,2002
834,120.0,448.5,Southampton County,"1,136.9",0.0,"15,832","15,832",12.6,6.3,"1,762.3",139.0,176.9,2001,2001
835,115.4,436.1,Southampton County,"1,128.8",0.0,"15,592","15,592",6.4,25.7,"1,770.1",147.5,205.2,2000,2000
836,227.6,241.0,Southampton County,415.1,0.0,"14,937","14,937",20.1,13.4,696.3,261.1,40.2,1995,1995
837,125.5,406.4,Southampton County,663.4,12.0,"16,731","16,731",23.9,23.9,"1,129.6",185.3,59.8,1990,1990
838,202.5,525.5,Southampton County,837.5,5.5,"18,268","18,268",32.8,21.9,"1,423.3",262.8,60.2,1985,1985
839,67.7,496.3,Southampton County,654.2,0.0,"17,732","17,732",11.3,16.9,"1,156.1",95.9,5.6,1980,1980
840,121.6,80.2,Spotsylvania County,"1,528.2",0.9,"113,464","113,464",19.4,17.6,"1,681.6",159.5,73.2,2005,2005
841,124.0,91.8,Spotsylvania County,"1,317.6",4.6,"108,911","108,911",9.2,18.4,"1,488.4",156.1,79.0,2004,2004
842,117.4,195.4,Spotsylvania County,"1,612.5",6.7,"103,875","103,875",19.3,22.1,"1,890.7",165.6,82.8,2003,2003
843,93.4,269.5,Spotsylvania County,"1,817.7",3.2,"93,141","93,141",24.7,38.7,"2,166.6",160.0,79.4,2002,2002
844,112.2,226.6,Spotsylvania County,"1,787.8",0.0,"91,790","91,790",26.1,31.6,"2,112.4",170.0,98.0,2001,2001
845,87.4,287.6,Spotsylvania County,"2,069.8",1.1,"90,395","90,395",17.7,21.0,"2,459.2",127.2,101.8,2000,2000
846,57.5,374.0,Spotsylvania County,"2,238.0",4.5,"66,040","66,040",12.1,27.3,"2,786.2",101.5,174.1,1995,1995
847,45.3,392.0,Spotsylvania County,"2,799.5",3.5,"57,403","57,403",7.0,29.6,"3,454.5",85.4,263.1,1990,1990
848,66.2,695.2,Spotsylvania County,"2,262.1",5.5,"36,250","36,250",30.3,33.1,"3,183.4",135.2,226.2,1985,1985
849,84.5,"1,165.0",Spotsylvania County,"1,849.4",11.6,"34,336","34,336",20.4,23.3,"3,218.2",139.8,203.9,1980,1980
850,60.1,137.4,Stafford County,"1,211.0",1.7,"116,437","116,437",34.4,18.0,"1,460.0",114.2,111.6,2005,2005
851,59.8,142.7,Stafford County,"1,203.1",4.5,"112,126","112,126",23.2,15.2,"1,436.8",102.6,91.0,2004,2004
852,67.8,194.1,Stafford County,"1,290.5",5.7,"106,157","106,157",27.3,26.4,"1,623.1",127.2,138.5,2003,2003
853,75.6,195.3,Stafford County,"1,422.5",1.0,"95,254","95,254",31.5,58.8,"1,765.8",166.9,148.0,2002,2002
854,43.7,161.9,Stafford County,"1,536.1",3.2,"93,872","93,872",28.8,19.2,"1,820.6",94.8,122.5,2001,2001
855,77.9,144.9,Stafford County,"1,578.2",3.2,"92,446","92,446",28.1,29.2,"1,889.8",138.5,166.6,2000,2000
856,77.7,229.3,Stafford County,"1,442.2",0.0,"78,493","78,493",26.8,29.3,"1,790.0",133.8,118.5,1995,1995
857,42.5,427.9,Stafford County,"1,342.3",0.0,"61,236","61,236",19.6,18.0,"1,938.4",80.0,168.2,1990,1990
858,25.2,434.0,Stafford County,"1,247.6",2.1,"47,693","47,693",8.4,27.3,"1,824.2",62.9,142.6,1985,1985
859,47.3,662.2,Stafford County,"1,533.6",10.0,"40,168","40,168",19.9,34.9,"2,330.2",112.0,134.4,1980,1980
860,141.4,480.8,Surry County,480.8,0.0,"7,071","7,071",0.0,14.1,975.8,155.6,14.1,2005,2005
861,226.0,367.3,Surry County,791.1,14.1,"7,079","7,079",28.3,42.4,"1,200.7",310.8,42.4,2004,2004
862,152.8,402.9,Surry County,861.5,0.0,"7,197","7,197",27.8,13.9,"1,278.3",194.5,13.9,2003,2003
863,298.5,923.8,Surry County,938.0,14.2,"7,036","7,036",28.4,14.2,"1,876.1",355.3,14.2,2002,2002
864,331.7,605.7,Surry County,879.7,0.0,"6,934","6,934",14.4,14.4,"1,557.5",360.5,72.1,2001,2001
865,234.3,453.9,Surry County,"1,039.7",14.6,"6,829","6,829",14.6,14.6,"1,522.9",278.2,29.3,2000,2000
866,218.1,545.2,Surry County,"1,105.9",15.6,"6,420","6,420",31.2,15.6,"1,791.3",280.4,140.2,1995,1995
867,162.7,"1,122.9",Surry County,"1,464.6",0.0,"6,145","6,145",0.0,48.8,"2,636.3",211.6,48.8,1990,1990
868,111.5,509.7,Surry County,557.5,0.0,"6,278","6,278",15.9,31.9,"1,083.1",159.3,15.9,1985,1985
869,167.3,468.4,Surry County,669.1,0.0,"5,978","5,978",0.0,33.5,"1,204.4",200.7,66.9,1980,1980
870,192.8,527.7,Sussex County,"1,258.2",0.0,"9,855","9,855",40.6,30.4,"2,059.9",263.8,274.0,2005,2005
871,193.1,294.7,Sussex County,"1,371.7",10.2,"9,842","9,842",20.3,10.2,"1,778.1",233.7,111.8,2004,2004
872,128.7,316.8,Sussex County,"1,138.5",0.0,"10,101","10,101",19.8,29.7,"1,554.3",178.2,99.0,2003,2003
873,180.9,504.6,Sussex County,"1,380.4",0.0,"10,504","10,504",9.5,57.1,"2,008.8",247.5,123.8,2002,2002
874,386.4,434.7,Sussex County,"1,246.1",38.6,"10,352","10,352",9.7,48.3,"1,816.1",483.0,135.2,2001,2001
875,255.0,402.2,Sussex County,"1,098.6",9.8,"10,195","10,195",19.6,39.2,"1,628.2",323.7,127.5,2000,2000
876,571.9,686.2,Sussex County,"1,906.2",25.4,"7,869","7,869",12.7,89.0,"2,770.4",698.9,177.9,1995,1995
877,336.4,573.2,Sussex County,"1,196.3",0.0,"8,025","8,025",12.5,74.8,"1,919.0",423.7,149.5,1990,1990
878,231.8,829.6,Sussex County,"1,171.2",0.0,"8,197","8,197",12.2,24.4,"2,025.1",268.4,24.4,1985,1985
879,27.4,556.2,Sussex County,838.9,0.0,"10,967","10,967",27.4,72.9,"1,486.3",127.7,91.2,1980,1980
880,105.4,655.3,Tazewell County,"1,172.3",3.3,"30,367","30,367",32.9,19.8,"1,985.7",161.4,158.1,2005,2005
881,140.2,634.2,Tazewell County,"1,628.9",0.0,"29,959","29,959",46.7,6.7,"2,369.9",193.6,106.8,2004,2004
882,120.9,681.9,Tazewell County,"1,457.9",6.7,"29,768","29,768",30.2,13.4,"2,277.6",171.3,137.7,2003,2003
883,140.8,664.6,Tazewell County,"1,427.4",3.3,"30,545","30,545",32.7,19.6,"2,222.9",196.4,131.0,2002,2002
884,916.9,498.3,Tazewell County,"1,421.9",6.6,"30,101","30,101",39.9,23.3,"2,029.8",986.7,109.6,2001,2001
885,"1,008.6",887.2,Tazewell County,"1,467.4",3.4,"29,644","29,644",54.0,13.5,"2,509.8","1,079.5",155.2,2000,2000
886,360.6,328.7,Tazewell County,730.9,0.0,"31,333","31,333",16.0,3.2,"1,107.5",379.8,47.9,1995,1995
887,331.5,202.2,Tazewell County,487.4,3.3,"30,162","30,162",13.3,0.0,742.7,348.1,53.0,1990,1990
888,325.5,221.1,Tazewell County,433.0,6.1,"32,564","32,564",12.3,6.1,690.9,350.1,36.9,1985,1985
889,44.7,402.5,Tazewell County,605.2,0.0,"33,541","33,541",14.9,14.9,"1,082.3",74.5,74.5,1980,1980
890,78.2,259.1,Warren County,884.7,0.0,"20,458","20,458",9.8,4.9,"1,222.0",92.9,78.2,2005,2005
891,15.1,125.6,Warren County,944.4,0.0,"19,907","19,907",15.1,10.0,"1,175.5",40.2,105.5,2004,2004
892,10.4,197.3,Warren County,"1,069.7",0.0,"19,258","19,258",36.3,20.8,"1,376.1",67.5,109.0,2003,2003
893,10.8,339.8,Warren County,728.1,10.8,"18,542","18,542",16.2,0.0,"1,181.1",37.8,113.3,2002,2002
894,21.9,295.5,Warren County,749.8,0.0,"18,272","18,272",16.4,0.0,"1,149.3",38.3,104.0,2001,2001
895,0.0,250.1,Warren County,644.6,5.6,"17,995","17,995",11.1,0.0,"1,067.0",16.7,172.3,2000,2000
896,0.0,513.6,Warren County,"1,239.0",0.0,"15,577","15,577",12.8,6.4,"1,887.4",19.3,134.8,1995,1995
897,70.1,792.3,Warren County,953.6,21.0,"14,262","14,262",21.0,7.0,"1,837.0",119.2,91.2,1990,1990
898,121.4,"1,045.8",Warren County,"1,307.3",18.7,"10,709","10,709",56.0,0.0,"2,437.2",196.1,84.0,1985,1985
899,0.0,0.0,Warren County,0.0,0.0,0,0,0.0,0.0,0.0,0.0,0.0,1980,1980
900,117.7,338.6,Washington County,"1,800.9",0.0,"41,647","41,647",45.6,14.4,"2,235.5",177.7,96.0,2005,2005
901,151.1,497.2,Washington County,"1,574.5",12.2,"41,030","41,030",31.7,9.7,"2,193.5",204.7,121.9,2004,2004
902,98.5,366.9,Washington County,"1,814.6",4.9,"40,614","40,614",34.5,2.5,"2,314.5",140.3,133.0,2003,2003
903,133.5,245.6,Washington County,"1,349.5",2.4,"41,941","41,941",26.2,19.1,"1,707.2",181.2,112.1,2002,2002
904,87.1,229.8,Washington County,"1,175.8",7.3,"41,332","41,332",16.9,7.3,"1,495.2",118.6,89.5,2001,2001
905,44.2,142.5,Washington County,886.9,7.4,"40,703","40,703",17.2,12.3,"1,105.6",81.1,76.2,2000,2000
906,202.2,271.4,Washington County,939.3,8.0,"37,583","37,583",16.0,8.0,"1,338.4",234.1,127.7,1995,1995
907,60.7,532.2,Washington County,697.7,8.3,"36,262","36,262",46.9,11.0,"1,326.5",126.9,96.5,1990,1990
908,34.9,613.6,Washington County,568.7,2.5,"40,094","40,094",29.9,12.5,"1,272.0",79.8,89.8,1985,1985
909,61.8,713.2,Washington County,525.2,7.7,"38,839","38,839",10.3,15.4,"1,320.8",95.3,82.4,1980,1980
910,114.8,315.7,Westmoreland County,990.2,14.4,"13,936","13,936",7.2,35.9,"1,413.6",172.2,107.6,2005,2005
911,137.3,303.4,Westmoreland County,874.2,7.2,"13,842","13,842",7.2,7.2,"1,257.0",158.9,79.5,2004,2004
912,109.6,241.2,Westmoreland County,635.9,0.0,"13,682","13,682",7.3,14.6,"1,023.2",131.6,146.2,2003,2003
913,36.0,244.6,Westmoreland County,647.5,7.2,"13,900","13,900",21.6,7.2,"1,028.8",71.9,136.7,2002,2002
914,94.9,211.7,Westmoreland County,547.5,0.0,"13,698","13,698",7.3,29.2,832.2,131.4,73.0,2001,2001
915,74.1,185.3,Westmoreland County,548.6,7.4,"13,490","13,490",29.7,14.8,845.1,126.0,111.2,2000,2000
916,84.5,576.2,Westmoreland County,945.0,7.7,"13,016","13,016",15.4,7.7,"1,575.0",115.2,53.8,1995,1995
917,72.9,494.0,Westmoreland County,761.3,0.0,"12,348","12,348",48.6,8.1,"1,303.9",129.6,48.6,1990,1990
918,86.2,638.0,Westmoreland County,663.9,8.6,"11,598","11,598",51.7,25.9,"1,345.1",172.4,43.1,1985,1985
919,0.0,0.0,Westmoreland County,0.0,0.0,0,0,0.0,0.0,0.0,0.0,0.0,1980,1980
920,145.6,309.5,Wise County,939.3,0.0,"27,466","27,466",14.6,3.6,"1,379.9",163.8,131.1,2005,2005
921,196.9,587.0,Wise County,"1,042.8",14.6,"27,427","27,427",54.7,3.6,"1,768.3",269.8,138.5,2004,2004
922,251.3,455.2,Wise County,888.5,7.3,"27,461","27,461",40.1,0.0,"1,460.3",298.6,116.5,2003,2003
923,188.2,453.8,Wise County,885.5,3.7,"27,104","27,104",18.4,7.4,"1,468.4",217.7,129.1,2002,2002
924,224.6,366.9,Wise County,692.6,7.5,"26,710","26,710",26.2,26.2,"1,198.1",284.5,138.5,2001,2001
925,174.9,425.8,Wise County,726.1,3.8,"26,304","26,304",41.8,11.4,"1,231.8",231.9,79.8,2000,2000
926,11.6,321.3,Wise County,514.8,3.9,"25,833","25,833",3.9,0.0,909.7,19.4,73.5,1995,1995
927,15.7,227.7,Wise County,459.3,3.9,"25,471","25,471",11.8,0.0,726.3,31.4,39.3,1990,1990
928,3.4,467.9,Wise County,400.1,6.8,"29,494","29,494",27.1,0.0,942.6,37.3,74.6,1985,1985
929,140.3,533.7,Wise County,386.6,3.4,"29,232","29,232",13.7,30.8,"1,029.7",188.1,109.5,1980,1980
930,89.4,147.2,Wythe County,583.4,0.0,"19,026","19,026",5.3,5.3,841.0,99.9,110.4,2005,2005
931,105.7,100.4,Wythe County,671.1,0.0,"18,924","18,924",37.0,15.9,866.6,158.5,95.1,2004,2004
932,58.3,127.2,Wythe County,762.9,0.0,"18,875","18,875",26.5,5.3,990.7,90.1,100.7,2003,2003
933,63.1,126.3,Wythe County,678.8,0.0,"19,005","19,005",5.3,0.0,826.1,68.4,21.0,2002,2002
934,32.0,138.8,Wythe County,961.0,10.7,"18,730","18,730",16.0,10.7,"1,137.2",69.4,37.4,2001,2001
935,146.4,216.9,Wythe County,"1,051.8",0.0,"18,445","18,445",5.4,5.4,"1,301.2",157.2,32.5,2000,2000
936,40.7,238.4,Wythe County,837.4,5.8,"17,196","17,196",5.8,11.6,"1,128.2",64.0,52.3,1995,1995
937,97.2,255.2,Wythe County,607.7,0.0,"16,456","16,456",18.2,12.2,905.4,127.6,42.5,1990,1990
938,68.9,200.9,Wythe County,642.8,0.0,"17,423","17,423",0.0,23.0,941.3,91.8,97.6,1985,1985
939,87.0,582.1,Wythe County,750.8,5.4,"18,381","18,381",0.0,5.4,"1,398.2",97.9,65.3,1980,1980
940,27.5,294.7,York County,"1,646.6",3.2,"61,764","61,764",9.7,51.8,"2,023.8",92.3,82.6,2005,2005
941,55.2,156.0,York County,"1,676.6",1.6,"61,554","61,554",14.6,17.9,"1,894.3",89.4,61.7,2004,2004
942,72.8,219.9,York County,"1,446.8",0.0,"60,480","60,480",19.8,26.5,"1,737.8",119.0,71.1,2003,2003
943,136.2,189.6,York County,"1,584.3",0.0,"58,007","58,007",13.8,43.1,"1,844.6",193.1,70.7,2002,2002
944,120.7,169.7,York County,"1,828.0",1.7,"57,166","57,166",5.2,38.5,"2,078.2",166.2,80.5,2001,2001
945,227.4,245.1,York County,"1,527.6",1.8,"56,297","56,297",17.8,33.7,"1,900.6",280.7,127.9,2000,2000
946,66.6,273.8,York County,"2,160.0",1.9,"52,592","52,592",5.7,38.0,"2,517.5",112.2,83.7,1995,1995
947,183.9,539.8,York County,"1,921.2",4.7,"42,422","42,422",25.9,54.2,"2,611.9",268.7,150.9,1990,1990
948,115.9,413.2,York County,"1,345.3",2.5,"39,693","39,693",5.0,22.7,"1,887.0",146.1,128.5,1985,1985
949,105.1,684.3,York County,"1,556.0",2.8,"35,219","35,219",19.9,39.8,"2,334.0",167.5,93.7,1980,1980
